"CASEID","POINT_X","POINT_Y","YEAR_","LOCATION","CHPTYPE","DAYWEEK","CRASHSEV","VIOLCAT","KILLED","INJURED","WEATHER1","PEDCOL","BICCOL","MCCOL","TRUCKCOL","ETOH","TIMECAT","MONTH_","CRASHTYP","INVOLVE","PED","PRIMARYRD","SECONDRD","DISTANCE","DIRECT","INTERSECT_","PROCDATE","JURIS","DATE_","TIME_","BADGE","JURIDIST","SHIFT","POP","SPECIAL","BEATTYPE","LAPDDIV","BEATCLAS","BEATNUMB","WEATHER2","STATEHW","CALTRANC","CALTRAND","STROUTE","ROUTESUF","POSTPRE","POSTMILE","LOCATYPE","RAMP","SIDEHW","TOWAWAY","PARTIES","PCF","VIOLCODE","VIOL","VIOLSUB","HITRUN","ROADSURF","RDCOND1","RDCOND2","LIGHTING","RIGHTWAY","CHPRDTYP","NOTPRIV","STFAULT","CHPFAULT","SEVINJ","OTHERINJ","COP","PEDKILL","PEDINJ","BICKILL","BICINJ","MCKILL","MCINJURE","RAMP1","RAMP2","CITY","COUNTY","STATE","X_CHP","Y_CHP"
"2812659",-121.63262999,39.141802118,2006,"5102","0","5","4","03",0,1,"A",,,,,,1500,9,"C","C","A","RT 20","ROCCA WY",0,,"Y","2007-01-08",5102,"2006-09-22",1436,"4054","5102","5","4","0","0",,"0","001","-","Y","SUT",3,20,"-","-",15.71,"H","-","W","Y",2,"A","-",22350,,"N","A","H","-","A","A","0","Y","A","07",0,0,1,0,0,0,0,0,0,"-","-","YUBA CITY","SUTTER","CA",0,0
"2812667",-121.630783837,39.141738026,2006,"5102","0","4","3","09",0,1,"A",,"Y",,,,2400,8,"D","G","A","RT 20","GRAY AV",0,,"Y","2006-12-18",5102,"2006-08-31",2136,"4040","5102","5","4","0","0",,"0","001","-","Y","SUT",3,20,"-","-",15.81,"I","5","W","N",2,"A","-",21800,"A","N","A","H","-","C","A","0","Y","A","01",0,1,0,0,0,0,1,0,0,"-","-","YUBA CITY","SUTTER","CA",0,0
"2812675",-121.608082188,39.1369934082,2006,"5102","0","5","3","22",0,1,"A",,,,,,300,9,"E","I","A","JACKSON WY","SUTTER ST",62,"W","N","2006-10-26",5102,"2006-09-01",29,,,"5","4","0","0",,"0","901","-","N",,0,0,,,0,,,,"N",1,"B","-",0,,"N","A","B","-","D","D","0","Y","-","-",0,1,0,0,0,0,0,0,0,"-","-","YUBA CITY","SUTTER","CA",0,0
"2812679",-121.630783837,39.141738026,2006,"5102","0","7","4","03",0,1,"A",,,,,,2100,9,"B","C","A","GRAY AV","RT 20",10,"N","N","2007-01-08",5102,"2006-09-24",1817,"4052","5102","5","4","0","0",,"0","003","-","Y","SUT",3,20,"-","-",15.81,"I","6","W","Y",3,"A","-",22350,,"N","A","H","-","A","A","0","Y","A","01",0,0,1,0,0,0,0,0,0,"-","-","YUBA CITY","SUTTER","CA",0,0
"2812683",-121.615109365,39.1331939697,2006,"5102","0","7","3","01",0,1,"A",,,,,"Y",2400,9,"E","I","A","B ST","PLUMAS ST",200,"W","N","2006-12-30",5102,"2006-09-24",2119,"T9006",,"5","4","0","0",,"0","003","-","N",,0,0,,,0,,,,"Y",1,"A","-",23152,"A","M","A","H","-","C","D","0","Y","A","01",0,1,0,0,0,0,0,0,0,"-","-","YUBA CITY","SUTTER","CA",0,0
"2812699",-121.620733207,39.1475334167,2006,"5102","0","5","4","01",0,2,"B",,,,,"Y",1500,9,"C","C","A","LIVE OAK BL","CARROLL ST",0,,"Y","2006-12-30",5102,"2006-09-15",1459,"4054","5102","5","4","0","0",,"0","002","-","N",,0,0,,,0,,,,"Y",2,"A","-",23152,"A","F","A","H","-","A","D","0","Y","A","01",0,0,2,0,0,0,0,0,0,"-","-","YUBA CITY","SUTTER","CA",0,0
"2812703",-121.634540311,39.127407217,2006,"5102","0","3","4","03",0,2,"A",,,,,,1200,8,"C","C","A","FRANKLIN RD","RT 99",15,"W","N","2006-12-28",5102,"2006-08-02",1141,"4054","5102","5","4","0","0",,"0","001","-","Y","SUT",3,99,"-","-",29.67,"I","6","S","Y",2,"A","-",22350,,"N","A","H","-","A","A","0","Y","A","01",0,0,2,0,0,0,0,0,0,"-","-","YUBA CITY","SUTTER","CA",0,0
"2812711",-121.634240575,39.141719908,2006,"5102","0","2","4","03",0,3,"A",,,,,,1200,8,"C","C","A","RT 20","RT 99",285,"E","N","2006-12-18",5102,"2006-08-01",1124,"448","5102","5","4","0","0",,"0","001","-","Y","SUT",3,20,"-","-",15.62,"H","-","E","N",3,"A","-",22350,,"N","A","H","-","A","A","0","Y","A","01",0,0,3,0,0,0,0,0,0,"-","-","YUBA CITY","SUTTER","CA",0,0
"2812715",-121.634055666,39.141723681,2006,"5102","0","2","4","03",0,3,"A",,,,,,1200,8,"C","C","A","RT 20","RT 99",300,"E","N","2006-12-18",5102,"2006-08-01",1123,"448","5102","5","4","0","0",,"0","001","-","Y","SUT",3,20,"-","-",15.63,"H","-","E","N",2,"A","-",22350,,"N","A","H","-","A","A","0","Y","D","22",0,0,3,0,0,0,0,0,0,"-","-","YUBA CITY","SUTTER","CA",0,0
"2812719",-121.639376616,39.1323165894,2006,"5102","0","1","4","09",0,1,"A",,,,,,2100,7,"D","C","A","BRIDGE ST","JOY WY",35,"W","N","2006-11-28",5102,"2006-07-31",1845,"4052","5102","5","4","0","0",,"0","001","-","N",,0,0,,,0,,,,"Y",2,"A","-",21804,"A","N","A","H","-","A","D","0","Y","A","01",0,0,1,0,0,0,0,0,0,"-","-","YUBA CITY","SUTTER","CA",0,0
"2815442",-121.488263146,38.824016571,2006,"5100","5","1","4","12",0,1,"A",,,,,,600,9,"E","J","A","PLEASANT GROVE RD","HOWSLEY RD",0,,"Y","2007-01-16",9285,"2006-09-18",545,"01549",,"3","9","0","3",,"2","001","-","N",,0,0,,,0,,,,"Y",1,"A","-",22450,"A","N","A","H","-","B","A","0","Y","D","22",0,0,1,0,0,0,0,0,0,"-","-","UNINCORPORATED","SUTTER","CA",0,0
"2815458",-121.579134744,38.893955532,2006,"5100","3","4","3","05",0,2,"A",,,,,,600,9,"A","C","A","RT 99","POWERLINE RD",3432,"N","N","2007-01-23",9285,"2006-09-21",530,"01579",,"3","9","0","1",,"1","011","-","Y","SUT",3,99,"-","-",11.5,"H","-","S","Y",2,"A","-",21650,,"N","A","D","-","D","D","0","Y","A","01",0,1,1,0,0,0,0,0,0,"-","-","UNINCORPORATED","SUTTER","CA",0,0
"2815473",-121.618553161,38.7861366272,2006,"5100","5","7","4","01",0,1,"A",,,,,"Y",300,8,"E","I","A","GARDEN HWY","VERNON RD",0,,"Y","2006-12-29",9285,"2006-08-27",120,"15532",,"3","9","0","3",,"2","001","-","N",,0,0,,,0,,,,"Y",1,"A","-",23152,"A","N","A","H","-","A","A","0","Y","A","01",0,0,1,0,0,0,0,0,0,"-","-","UNINCORPORATED","SUTTER","CA",0,0
"2815513",0,0,2006,"5100","5","5","3","03",0,1,"A",,,,,,2100,9,"F","A","A","CLEMENTS RD","MC CLATCHY RD",1584,"S","N","2007-01-16",9285,"2006-09-08",2030,,,"2","9","0","3",,"2","005","-","N",,0,0,,,0,,,,"Y",1,"A","-",22350,,"N","A","H","-","D","A","0","Y","A","07",0,1,0,0,0,0,0,0,0,"-","-","UNINCORPORATED","SUTTER","CA",0,0
"2815517",-121.506630999,38.9080619812,2006,"5100","5","7","3","05",0,1,"A",,,,,,1500,9,"E","I","A","NICOLAUS RD","WARREN RD",1056,"S","N","2007-01-16",9285,"2006-09-17",1335,"01251",,"1","9","0","3",,"2","001","-","N",,0,0,,,0,,,,"Y",1,"A","-",21650,,"N","A","H","-","A","D","0","Y","D","22",0,1,0,0,0,0,0,0,0,"-","-","UNINCORPORATED","SUTTER","CA",0,0
"2816120",-121.660601646,39.273366901,2006,"5101","0","5","4","09",0,2,"A",,,,,,900,9,"D","C","A","RT 99","ELM ST",0,,"Y","2007-01-08",5100,"2006-09-22",731,"5055","LOCA","5","2","0","0",,"0","002","-","Y","SUT",3,99,"-","-",40.06,"I","5","S","Y",2,"A","-",21802,"A","N","A","H","-","A","A","0","Y","A","07",0,0,2,0,0,0,0,0,0,"-","-","LIVE OAK","SUTTER","CA",0,0
"2816128",-121.660633862,39.27350837,2006,"5101","0","1","3","03",0,1,"A",,,,,,2100,9,"C","C","A","RT 99","ELM ST",11,"N","N","2007-01-08",5100,"2006-09-25",1855,"2152","LOCA","5","2","0","0",,"0","02A","-","Y","SUT",3,99,"-","-",40.07,"H","-","S","Y",2,"A","-",22350,,"N","A","H","-","A","D","0","Y","D","22",0,1,0,0,0,0,0,0,0,"-","-","LIVE OAK","SUTTER","CA",0,0
"2819053",-121.633219891,39.1323928833,2006,"5102","0","2","4","03",0,1,"A",,,,,,1800,8,"C","C","A","BRIDGE ST","PALORA AV",35,"E","N","2006-12-15",5102,"2006-08-08",1649,"448","5102","5","4","0","0",,"0","003","-","N",,0,0,,,0,,,,"Y",2,"A","-",22350,,"N","A","H","-","A","D","0","Y","A","08",0,0,1,0,0,0,0,0,0,"-","-","YUBA CITY","SUTTER","CA",0,0
"2819057",-121.644013387,39.1408233643,2006,"5102","0","5","4","07",0,1,"A",,,,,,2100,8,"B","C","A","WALTON AV","RT 20",300,"S","N","2006-12-21",5102,"2006-08-04",1904,"4042","5102","5","4","0","0",,"0","001","-","N",,0,0,,,0,,,,"N",2,"A","-",21658,"A","N","A","H","-","A","D","0","Y","A","07",0,0,1,0,0,0,0,0,0,"-","-","YUBA CITY","SUTTER","CA",0,0
"2819065",-121.655493212,39.1418952942,2006,"5102","0","1","4","12",0,1,"A",,,,,,1800,9,"D","C","A","HARTER PKY","N COLUSA FRONTAGE RD",0,,"Y","2007-01-04",5102,"2006-09-25",1722,"4047","5102","5","4","0","0",,"0","001","-","N",,0,0,,,0,,,,"Y",2,"A","-",21453,"A","N","A","H","-","A","A","0","Y","A","01",0,0,1,0,0,0,0,0,0,"-","-","YUBA CITY","SUTTER","CA",0,0
"2819069",-121.632261249,39.141783367,2006,"5102","0","5","4","12",0,1,"A","Y",,,,,1500,8,"A","B","B","RT 20","ROCCA WY",0,,"Y","2006-12-21",5102,"2006-08-04",1249,"4027","5102","5","4","0","0",,"0","001","-","Y","SUT",3,20,"-","-",15.73,"H","-","W","N",2,"A","-",21453,"A","N","A","H","-","A","A","0","Y","A","01",0,0,1,0,1,0,0,0,0,"-","-","YUBA CITY","SUTTER","CA",0,0
"2819077",-121.635530909,39.14171455,2006,"5102","0","2","4","03",0,2,"A",,,,,,1500,8,"C","C","A","RT 20","RT 99",250,"W","N","2007-01-08",5102,"2006-08-15",1421,"443","5102","5","4","0","0",,"0","001","-","Y","SUT",3,20,"-","-",15.55,"H","-","E","N",3,"A","-",22350,,"N","A","H","-","A","A","0","Y","A","08",0,0,2,0,0,0,0,0,0,"-","-","YUBA CITY","SUTTER","CA",0,0
"2819085",-121.627793703,39.1126937866,2006,"5102","0","5","4","03",0,1,"A",,,,,,1800,8,"C","C","A","LINCOLN RD","JONES RD",125,"W","N","2007-01-04",5102,"2006-08-11",1704,"4057","5102","5","4","0","0",,"0","004","-","N",,0,0,,,0,,,,"Y",2,"A","-",22350,,"N","A","H","-","A","D","0","Y","A","07",0,0,1,0,0,0,0,0,0,"-","-","YUBA CITY","SUTTER","CA",0,0
"2819089",-121.615224078,39.1504249573,2006,"5102","0","6","4","21",0,1,"A","Y",,,,,1800,9,"G","B","E","LYNN WY","MARKET ST",15,"W","N","2007-01-04",5102,"2006-09-16",1508,"4046",,"5","4","0","0",,"0","002","-","N",,0,0,,,0,,,,"N",2,"A","-",22106,,"N","A","H","-","A","D","0","Y","A","01",0,0,1,0,1,0,0,0,0,"-","-","YUBA CITY","SUTTER","CA",0,0
"2819093",-121.624250661,39.130153656,2006,"5102","0","4","3","03",0,3,"A",,,,,,2100,9,"C","C","A","B ST","CLARK AV",250,"E","N","2007-01-04",5102,"2006-09-28",1805,"9007","SUTT","5","4","0","0",,"0","003","-","N",,0,0,,,0,,,,"N",3,"A","-",22350,,"N","A","H","-","A","D","0","Y","A","01",0,1,2,0,0,0,0,0,0,"-","-","YUBA CITY","SUTTER","CA",0,0
"2819097",-121.62081112,39.1438331604,2006,"5102","0","4","3","03",0,2,"A",,,,,,1800,9,"C","C","A","LIVE OAK BL","AINSLEY AV",50,"N","N","2007-01-04",5102,"2006-09-28",1543,"4040","5102","5","4","0","0",,"0","002","-","N",,0,0,,,0,,,,"N",2,"A","-",22350,,"N","A","H","-","A","D","0","Y","A","07",0,1,1,0,0,0,0,0,0,"-","-","YUBA CITY","SUTTER","CA",0,0
"2836401",-121.661211313,39.276159487,2006,"5101","0","4","3","03",0,1,"B",,,,,,900,10,"C","C","A","RT 99","PENNINGTON RD",75,"N","N","2007-02-15",5100,"2006-10-05",833,"2081","LOCA","5","2","0","0",,"0","002","-","Y","SUT",3,99,"-","-",40.26,"H","-","N","Y",2,"A","-",22350,,"N","B","H","-","A","D","0","Y","D","22",0,1,0,0,0,0,0,0,0,"-","-","LIVE OAK","SUTTER","CA",0,0
"2838970",-121.634523889,39.128269436,2006,"5102","0","4","4","03",0,1,"B",,,,,,1500,10,"C","C","A","RT 99","FRANKLIN AV",300,"N","N","2007-02-15",5102,"2006-10-05",1419,"4011","5102","5","4","0","0",,"0","003","-","Y","SUT",3,99,"-","-",29.73,"H","-","S",,3,"A","-",22350,,"N","A","H","-","A","A","0","Y","D","22",0,0,1,0,0,0,0,0,0,"-","-","YUBA CITY","SUTTER","CA",0,0
"2838974",0,0,2006,"5102","0","1","3","09",0,1,"A",,,,,,1800,10,"D","C","A","CIVIC CENTER BL","VETERANS CIRCLE DR",0,,"Y","2007-01-22",5102,"2006-10-02",1502,"4011","5102","5","4","0","0",,"0","001","-","N",,0,0,,,0,,,,"Y",2,"A","-",21801,"A","N","A","H","-","A","A","0","Y","A","07",0,1,0,0,0,0,0,0,0,"-","-","YUBA CITY","SUTTER","CA",0,0
"2838982",-121.644027683,39.1484947205,2006,"5102","0","3","3","11",0,1,"A","Y",,,,"Y",2100,9,"G","B","D","STABLER LN","BUTTE HOUSE RD",157,"N","N","2007-01-12",5102,"2006-09-27",2041,"4011","5102","5","4","0","0",,"0","001","-","N",,0,0,,,0,,,,"N",2,"A","-",21950,"B","N","A","H","-","C","A","0","Y","N","60",0,1,0,0,1,0,0,0,0,"-","-","YUBA CITY","SUTTER","CA",0,0
"2838993",-121.630063207,39.1380348206,2006,"5102","0","4","3","10",0,1,"A","Y",,,,,1200,10,"G","B","B","GRAY AV","FORBES AV",0,,"Y","2007-01-24",5102,"2006-10-12",1024,"4040","5102","5","4","0","0",,"0","003","-","N",,0,0,,,0,,,,"N",2,"A","-",21950,"A","N","A","H","-","A","A","0","Y","D","22",0,1,0,0,1,0,0,0,0,"-","-","YUBA CITY","SUTTER","CA",0,0
"2839001",-121.609943476,39.1247367859,2006,"5102","0","5","4","05",0,1,"A",,,,,,1200,10,"B","E","A","GARDEN HWY","WILBUR AV",300,"S","N","2007-01-24",5102,"2006-10-13",1129,"4040","5102","5","4","0","0",,"0","004","-","N",,0,0,,,0,,,,"N",2,"A","-",21650,,"N","A","H","-","A","D","0","Y","D","22",0,0,1,0,0,0,0,0,0,"-","-","YUBA CITY","SUTTER","CA",0,0
"2839009",-121.64853321,39.1379051208,2006,"5102","0","4","4","01",0,1,"A",,,,,"Y",2100,10,"D","C","A","LASSEN BL","THARP RD",0,,"Y","2007-01-24",5102,"2006-10-05",2018,"4062","5102","5","4","0","0",,"0","001","-","N",,0,0,,,0,,,,"Y",2,"A","-",23152,"A","N","A","H","-","C","A","0","Y","A","01",0,0,1,0,0,0,0,0,0,"-","-","YUBA CITY","SUTTER","CA",0,0
"2839029",-121.634516744,39.125871806,2006,"5102","0","3","4","03",0,1,"A",,,,,,1800,10,"C","C","A","RT 99","FRANKLIN AV",500,"S","N","2007-02-15",5102,"2006-10-11",1618,"4042","5102","5","4","0","0",,"0","001","-","Y","SUT",3,99,"-","-",29.58,"H","-","N","Y",2,"A","-",22350,,"N","A","H","-","A","A","0","Y","D","22",0,0,1,0,0,0,0,0,0,"-","-","YUBA CITY","SUTTER","CA",0,0
"2846830",-121.540305896,38.749893956,2006,"5100","3","5","3","12",0,1,"B",,,"Y","Y",,900,9,"D","C","A","RT 99","RIEGO RD",0,,"Y","2007-01-22",9285,"2006-09-15",650,"11077",,"1","9","0","1",,"1","011","-","Y","SUT",3,99,"-","-",0.95,"I","5","N","Y",2,"A","-",21453,"A","N","A","H","-","A","A","5","Y","G","25",0,1,0,0,0,0,0,0,1,"-","-","UNINCORPORATED","SUTTER","CA",0,0
"2846896",-121.627352241,39.1080474854,2006,"5100","5","2","4","08",0,1,"A",,,,,,1500,9,"D","C","A","JONES RD","STARLITE LN",210,"S","N","2007-01-11",9285,"2006-09-26",1346,"01162",,"1","9","0","3",,"2","005","-","N",,0,0,,,0,,,,"Y",2,"A","-",22103,,"N","A","H","-","A","D","0","Y","A","07",0,0,1,0,0,0,0,0,0,"-","-","UNINCORPORATED","SUTTER","CA",0,0
"2846912",-121.631950596,39.003939214,2006,"5100","3","5","4","09",0,1,"A",,,,,,1800,9,"D","C","A","RT 113","S RDWAY EDGE RT 113",11,"N","N","2007-01-17",9285,"2006-09-22",1620,"01584",,"2","9","0","1",,"1","031","-","Y","SUT",3,99,"-","-",20.991,"I","5","S","Y",2,"A","-",21802,"A","N","A","H","-","A","A","0","Y","A","01",0,0,1,0,0,0,0,0,0,"-","-","UNINCORPORATED","SUTTER","CA",0,0
"2847017",-121.488206977,38.824016571,2006,"5100","5","3","4","09",0,1,"A",,,,,,900,9,"E","I","A","HOWSLEY RD","PLEASANT GROVE RD",16,"E","N","2007-01-11",9285,"2006-09-27",740,"01223",,"1","9","0","3",,"2","001","-","N",,0,0,,,0,,,,"Y",2,"A","-",21802,"A","N","A","H","-","A","A","0","Y","A","01",0,0,1,0,0,0,0,0,0,"-","-","UNINCORPORATED","SUTTER","CA",0,0
"2863564",0,0,2006,"5102","0","1","4","11",0,1,"A","Y","Y",,,,2100,10,"A","G","E","MASERA CT","IDA WY",61,"E","N","2007-01-31",5102,"2006-10-02",1953,"2064","SUTT","5","4","0","0",,"0","BEA","-","N",,0,0,,,0,,,,"N",3,"A","-",21956,"A","F","A","H","-","C","D","0","Y","N","60",0,0,1,0,0,0,1,0,0,"-","-","YUBA CITY","SUTTER","CA",0,0
"2863576",-121.665063231,39.2760353088,2006,"5101","0","5","4","05",0,1,"A","Y",,,,,2100,9,"G","B","B","PENNINGTON RD","O ST",0,,"Y","2007-01-16",5100,"2006-09-29",1848,"5055","LOCA","5","2","0","0",,"0","02A","-","N",,0,0,,,0,,,,"Y",2,"A","-",21650,,"F","A","H","-","B","A","0","Y","B","01",0,0,1,0,1,0,0,0,0,"-","-","LIVE OAK","SUTTER","CA",0,0
"2863605",-121.671418707,39.141505158,2006,"5102","0","5","4","03",0,1,"A",,,,,,1500,10,"C","C","A","RT 20","N GEORGE WASHINGTON BL",0,,"Y","2007-02-06",5102,"2006-10-13",1418,"2147",,"5","4","0","0",,"0","006","-","Y","SUT",3,20,"-","-",13.61,"H","-","W","N",2,"A","-",22350,,"N","A","H","-","A","A","0","Y","A","01",0,0,1,0,0,0,0,0,0,"-","-","YUBA CITY","SUTTER","CA",0,0
"2868092",-121.621123888,39.141332031,2006,"5102","0","2","4","12",0,1,"A",,,,,,1200,10,"D","C","A","RT 20","OLIVE ST",0,,"Y","2007-05-18",5102,"2006-10-17",918,"4028","YUBA","5","4","0","0",,"0","002","-","Y","SUT",3,20,"-","-",16.33,"I","5","E","Y",2,"A","-",21453,"A","N","A","H","-","A","A","0","Y","A","01",0,0,1,0,0,0,0,0,0,"-","-","YUBA CITY","SUTTER","CA",0,0
"2870242",-121.648634844,39.141511239,2006,"5102","0","3","4","03",0,1,"A",,,,,,1500,8,"C","C","A","RT 20","THARP RD",15,"W","N","2006-12-18",5102,"2006-08-16",1342,"443","5102","5","4","0","0",,"0",,"-","Y","SUT",3,20,"-","R",14.84,"H","-","E","N",2,"A","-",22350,,"N","A","H","-","A","A","0","Y","A","07",0,0,1,0,0,0,0,0,0,"-","-","YUBA CITY","SUTTER","CA",0,0
"2870246",-121.625663207,39.142616272,2006,"5102","0","4","3","09",0,5,"A",,,,,,1800,8,"D","C","A","CLARK AV","WILWICK WY",0,,"Y","2006-12-13",5102,"2006-08-17",1639,"4042","5102","5","4","0","0",,"0","002","-","N",,0,0,,,0,,,,"Y",2,"A","-",21801,"A","N","A","H","-","A","D","0","Y","A","01",0,3,2,0,0,0,0,0,0,"-","-","YUBA CITY","SUTTER","CA",0,0
"2870249",-121.633665188,39.1508407593,2006,"5102","0","1","4","09",0,1,"A",,,,,,2100,8,"D","C","A","WILLIAMS WY","E ONSTOTT FRONTAGE RD",300,"E","N","2006-12-21",5102,"2006-08-28",1845,"4047","5102","5","4","0","0",,"0","002","-","N",,0,0,,,0,,,,"Y",2,"A","-",21804,"A","N","A","H","-","A","D","0","Y","A","01",0,0,1,0,0,0,0,0,0,"-","-","YUBA CITY","SUTTER","CA",0,0
"2870250",-121.634538312,39.12716705,2006,"5102","0","6","4","12",0,2,"A",,,,,,600,8,"D","C","A","RT 99","FRANKLIN RD",0,,"Y","2006-12-28",5102,"2006-08-19",347,"4058","5102","5","4","0","0",,"0","003","-","Y","SUT",3,99,"-","-",29.67,"I","5","N","Y",2,"A","-",21453,"A","N","A","H","-","D","A","0","Y","A","01",0,0,2,0,0,0,0,0,0,"-","-","YUBA CITY","SUTTER","CA",0,0
"2870257",-121.608668455,39.1266555786,2006,"5102","0","1","4","08",0,1,"A",,,,,,1500,8,"C","C","A","GARDEN HWY","DEL MONTE AV",255,"S","N","2007-02-07",5102,"2006-08-28",1449,"4056","5102","5","4","0","0",,"0","004","-","N",,0,0,,,0,,,,"Y",5,"A","-",22107,,"N","A","H","-","A","A","0","Y","D","22",0,0,1,0,0,0,0,0,0,"-","-","YUBA CITY","SUTTER","CA",0,0
"2870258",-121.635157577,39.14183516,2006,"5102","0","6","3","03",0,1,"A",,,,,,1500,8,"C","C","A","RT 99","RT 20",125,"N","N","2006-12-28",5102,"2006-08-26",1208,"4054","5102","5","4","0","0",,"0","001","-","Y","SUT",3,20,"-","-",15.573,"I","5","W","Y",2,"A","-",22350,,"N","A","H","-","A","D","0","Y","A","01",0,1,0,0,0,0,0,0,0,"-","-","YUBA CITY","SUTTER","CA",0,0
"2870265",-121.620135831,39.1555709839,2006,"5102","0","1","4","09",0,3,"A",,,,,,1800,10,"D","C","A","LIVE OAK BL","LOREL WY",180,"N","N","2007-03-01",5102,"2006-10-23",1515,"4028","YUBA","5","4","0","0",,"0","002","-","N",,0,0,,,0,,,,"Y",2,"A","-",21802,"A","N","A","H","-","A","A","0","Y","I","09",0,0,3,0,0,0,0,0,0,"-","-","YUBA CITY","SUTTER","CA",0,0
"2870269",-121.613723205,39.1358757019,2006,"5102","0","4","3","12",0,2,"A",,,,,,900,10,"D","C","A","BRIDGE ST","SHASTA ST",0,,"Y","2007-01-31",5102,"2006-10-26",840,"4040","5102","5","4","0","0",,"0","003","-","N",,0,0,,,0,,,,"N",2,"A","-",21453,"A","N","A","H","-","A","A","0","Y","D","22",0,1,1,0,0,0,0,0,0,"-","-","YUBA CITY","SUTTER","CA",0,0
"2870277",-121.619599769,39.140819804,2006,"5102","0","3","4","05",0,1,"A",,"Y",,,,900,10,"D","G","A","RT 20","ALMOND ST",150,"W","N","2007-02-09",5102,"2006-10-18",853,"4028","YUBA","5","4","0","0",,"0","002","-","Y","SUT",3,20,"-","-",16.42,"H","-","E","N",2,"A","-",21650,"1","N","A","H","-","A","D","0","Y","L","04",0,0,1,0,0,0,1,0,0,"-","-","YUBA CITY","SUTTER","CA",0,0
"2870285",-121.630223208,39.1439361572,2006,"5102","0","7","4","12",0,1,"A",,,,,,1500,10,"D","C","A","GRAY AV","AINSLEY AV",0,,"Y","2007-01-31",5102,"2006-10-22",1413,"446","5102","5","4","0","0",,"0","002","-","N",,0,0,,,0,,,,"Y",2,"A","-",21453,"A","N","A","H","-","A","A","0","Y","A","08",0,0,1,0,0,0,0,0,0,"-","-","YUBA CITY","SUTTER","CA",0,0
"2870297",-121.605863203,39.1352233887,2006,"5102","0","2","4","09",0,1,"A",,,,,,1200,10,"D","C","A","2ND ST","C ST",0,,"Y","2007-01-31",5102,"2006-10-17",1039,"4040","5102","5","4","0","0",,"0","003","-","N",,0,0,,,0,,,,"N",2,"A","-",21801,"A","N","A","H","-","A","A","0","Y","A","01",0,0,1,0,0,0,0,0,0,"-","-","YUBA CITY","SUTTER","CA",0,0
"2872872",-121.540288464,38.749752427,2006,"5100","3","5","4","03",0,1,"A",,,,,,1800,10,"C","C","A","RT 99","RIEGO RD",20,"S","N","2007-02-15",9285,"2006-10-20",1555,"01393",,"2","9","0","1",,"1","011","-","Y","SUT",3,99,"-","-",0.94,"H","-","N","N",2,"A","-",22350,,"N","A","H","-","A","A","5","Y","A","01",0,0,1,0,0,0,0,0,0,"-","-","UNINCORPORATED","SUTTER","CA",0,0
"2872966",-121.634404962,39.098243013,2006,"5100","3","1","3","10",0,1,"A","Y",,,,,1800,10,"G","B","B","RT 99","BOGUE RD",0,,"Y","2007-02-15",9285,"2006-10-02",1740,"01307",,"2","9","0","1",,"1","051","-","Y","SUT",3,99,"-","-",27.66,"H","-","N","N",2,"A","-",21950,"A","N","A","H","-","A","A","0","Y","A","01",0,1,0,0,1,0,0,0,0,"-","-","UNINCORPORATED","SUTTER","CA",0,0
"2872974",-121.634596605,39.118058269,2006,"5100","3","5","4","12",0,2,"A",,,,,,1200,9,"D","C","A","RT 99","RICHLAND RD",0,,"Y","2007-01-22",9285,"2006-09-22",1030,"10790",,"1","9","0","1",,"1","051","-","Y","SUT",3,99,"-","-",29.037,"I","5","N","Y",2,"A","-",21453,"A","N","A","H","-","A","A","0","Y","A","01",0,0,2,0,0,0,0,0,0,"-","-","UNINCORPORATED","SUTTER","CA",0,0
"2872978",-121.64152322,39.218015166,2006,"5100","3","3","4","09",0,1,"A",,,,,,900,9,"D","C","A","RT 99","LIVE OAK BL",0,,"Y","2007-01-22",9285,"2006-09-27",705,"10790",,"1","9","0","1",,"1","071","-","Y","SUT",3,99,"-","T",35.96,"I","6","N","Y",2,"A","-",21801,"A","N","A","H","-","A","D","1","Y","D","22",0,0,1,0,0,0,0,0,0,"-","-","UNINCORPORATED","SUTTER","CA",0,0
"2879048",-121.599699073,38.912003257,2006,"5100","3","4","1","05",2,2,"B",,,,"Y",,1500,10,"B","C","A","RT 99","SACRAMENTO AV",2640,"S","N","2006-11-16",9285,"2006-10-05",1325,"11077",,"1","9","0","1",,"1","011","-","Y","SUT",3,99,"-","-",13.2,"H","-","S","Y",2,"A","-",21650,,"N","A","H","-","A","D","0","Y","A","01",1,1,0,0,0,0,0,0,0,"-","-","UNINCORPORATED","SUTTER","CA",0,0
"2879145",-121.64152322,39.218015166,2006,"5100","3","2","4","09",0,1,"A",,,,"Y",,1500,10,"D","C","A","RT 99","LIVE OAK BL",0,,"Y","2007-04-10",9285,"2006-10-17",1255,"01223",,"1","9","0","1",,"1","071","-","Y","SUT",3,99,"-","T",35.96,"I","5","S","Y",2,"A","-",21802,"A","N","A","H","-","A","A","1","Y","A","07",0,0,1,0,0,0,0,0,0,"-","-","UNINCORPORATED","SUTTER","CA",0,0