"CASEID","POINT_X","POINT_Y","YEAR_","LOCATION","CHPTYPE","DAYWEEK","CRASHSEV","VIOLCAT","KILLED","INJURED","WEATHER1","PEDCOL","BICCOL","MCCOL","TRUCKCOL","ETOH","TIMECAT","MONTH_","CRASHTYP","INVOLVE","PED","PRIMARYRD","SECONDRD","DISTANCE","DIRECT","INTERSECT_","PROCDATE","JURIS","DATE_","TIME_","BADGE","JURIDIST","SHIFT","POP","SPECIAL","BEATTYPE","LAPDDIV","BEATCLAS","BEATNUMB","WEATHER2","STATEHW","CALTRANC","CALTRAND","STROUTE","ROUTESUF","POSTPRE","POSTMILE","LOCATYPE","RAMP","SIDEHW","TOWAWAY","PARTIES","PCF","VIOLCODE","VIOL","VIOLSUB","HITRUN","ROADSURF","RDCOND1","RDCOND2","LIGHTING","RIGHTWAY","CHPRDTYP","NOTPRIV","STFAULT","CHPFAULT","SEVINJ","OTHERINJ","COP","PEDKILL","PEDINJ","BICKILL","BICINJ","MCKILL","MCINJURE","RAMP1","RAMP2","CITY","COUNTY","STATE","X_CHP","Y_CHP"
"3857028",-121.626292153,39.141581593,2008,"5102","0","7","4","21",0,2,"A",,,,,,1500,8,"C","C","A","RT 20","CLARK AV",50,"W","N","2009-04-14",5102,"2008-08-24",1212,"4055","5102","5","4","0","0",,"0","004","-","Y","SUT",3,20,"-","-",16.05,"H","-","E","N",2,"A","-",22106,,"N","A","H","-","A","A","0","Y","A","01",0,0,2,0,0,0,0,0,0,"-","-","YUBA CITY","SUTTER","CA",0,0
"3857032",0,0,2008,"5102","0","1","3","01",0,1,"A",,,,,"Y",300,8,"B","E","A","EUREKA DR","UTAH CT",350,"W","N","2009-03-20",5102,"2008-08-25",142,"4052","5102","5","4","0","0",,"0","005","-","N",,0,0,,,0,,,,"Y",2,"A","-",23152,"B","N","A","H","-","C","D","0","Y","A","08",0,1,0,0,0,0,0,0,0,"-","-","YUBA CITY","SUTTER","CA",0,0
"3858998",-121.620833207,39.143283844,2008,"5102","0","1","3","09",0,1,"A",,,,,,1800,8,"D","C","A","LIVE OAK BL","DEL NORTE AV",0,,"Y","2009-03-18",5102,"2008-08-04",1557,"4046","5102","5","4","0","0",,"0","003","-","N",,0,0,,,0,,,,"N",2,"A","-",21802,"A","N","A","H","-","A","A","0","Y","B","01",0,1,0,0,0,0,0,0,0,"-","-","YUBA CITY","SUTTER","CA",0,0
"3859002",-121.615835252,39.1403579712,2008,"5102","0","2","4","09",0,1,"A",,"Y",,,,1200,8,"D","G","A","SHASTA ST","RT 20",300,"S","N","2009-03-18",5102,"2008-08-05",1116,"4028","5102","5","4","0","0",,"0","004","-","N",,0,0,,,0,,,,"N",2,"A","-",21804,"A","N","A","H","-","A","D","0","Y","L","04",0,0,1,0,0,0,1,0,0,"-","-","YUBA CITY","SUTTER","CA",0,0
"3859006",-121.621371574,39.14147846,2008,"5102","0","2","4","03",0,1,"A",,,,,,1500,8,"C","C","A","RT 20","LIVE OAK BL",40,"W","N","2009-03-26",5102,"2008-08-05",1345,"4011","5102","5","4","0","0",,"0",,"-","Y","SUT",3,20,"-","-",16.32,"H","-","W","N",2,"A","-",22350,,"N","A","H","-","A","A","0","Y","D","22",0,0,1,0,0,0,0,0,0,"-","-","YUBA CITY","SUTTER","CA",0,0
"3859010",-121.614453204,39.1333961487,2008,"5102","0","3","3","00",0,2,"A",,,,,,1500,8,"B","C","A","PLUMAS ST","B ST",0,,"Y","2009-03-18",5102,"2008-08-06",1310,"4040","5102","5","4","0","0",,"0","004","-","N",,0,0,,,0,,,,"N",3,"D","-",0,,"N","A","H","-","A","A","0","Y","-","-",0,2,0,0,0,0,0,0,0,"-","-","YUBA CITY","SUTTER","CA",0,0
"3859014",-121.628880146,39.141635996,2008,"5102","0","1","3","07",0,2,"A",,,,,,1500,8,"D","C","A","RT 20","STAFFORD WY",143,"W","N","2009-03-27",5102,"2008-08-11",1218,"4046","5102","5","4","0","0",,"0","004","-","Y","SUT",3,20,"-","-",15.91,"H","-","E","Y",2,"A","-",21658,"A","N","A","H","-","A","D","0","Y","B","01",0,1,1,0,0,0,0,0,0,"-","-","YUBA CITY","SUTTER","CA",0,0
"3859022",-121.635107153,39.141713538,2008,"5102","0","3","4","09",0,2,"A",,,,,,900,8,"A","C","A","RT 99","RT 20",0,,"Y","2009-03-27",5102,"2008-08-06",640,"4046","5102","5","4","0","0",,"0","001","-","Y","SUT",3,20,"-","-",15.573,"I","5","E","Y",2,"A","-",21453,"C","N","A","H","-","A","A","0","Y","B","01",0,0,2,0,0,0,0,0,0,"-","-","YUBA CITY","SUTTER","CA",0,0
"3859026",-121.638988852,39.1323204041,2008,"5102","0","1","4","09",0,3,"A",,,,,,1500,8,"A","C","A","BRIDGE ST","JOY WY",75,"E","N","2009-03-19",5102,"2008-08-11",1248,"4028","5102","5","4","0","0",,"0","001","-","N",,0,0,,,0,,,,"Y",2,"A","-",21804,"A","N","A","H","-","A","D","0","Y","A","07",0,0,3,0,0,0,0,0,0,"-","-","YUBA CITY","SUTTER","CA",0,0
"3862101",-121.54354183,38.86934811,2008,"5100","3","4","3","05",0,2,"A",,,,,,900,7,"B","C","A","RT 70","STRIPLIN RD",2640,"N","N","2009-04-09",9285,"2008-07-24",810,"15048",,"1","9","0","1",,"1","010","-","Y","SUT",3,70,"-","-",1.5,"H","-","E","Y",4,"A","-",21650,,"N","A","H","-","A","D","0","Y","A","08",0,1,1,0,0,0,0,0,0,"-","-","UNINCORPORATED","SUTTER","CA",0,0
"3862105",-121.487544288,38.9730453491,2008,"5100","5","5","2","01",0,1,"B",,,"Y",,"Y",1500,7,"D","C","A","PLEASANT GROVE RD","BEAR RIVER DR",2112,"S","N","2009-03-28",9285,"2008-07-25",1420,"14596",,"2","9","0","3",,"2","001","-","N",,0,0,,,0,,,,"N",2,"A","-",23152,"A","N","A","H","-","A","D","0","Y","C","02",1,0,0,0,0,0,0,0,1,"-","-","UNINCORPORATED","SUTTER","CA",0,0
"3863773",-121.613732082,39.1234130859,2008,"5102","0","3","4","03",0,1,"A",,,,,,1800,7,"C","C","A","PERCY AV","WOODBRIDGE AV",45,"S","N","2009-02-23",5102,"2008-07-30",1650,"447","5102","5","4","0","0",,"0","005","-","N",,0,0,,,0,,,,"Y",2,"A","-",22350,,"N","A","H","-","A","D","0","Y","A","08",0,0,1,0,0,0,0,0,0,"-","-","YUBA CITY","SUTTER","CA",0,0
"3863777",-121.618008606,39.140507446,2008,"5102","0","3","4","03",0,2,"A",,,,,,1200,7,"C","C","A","RT 20","PLUMAS ST",20,"W","N","2009-03-20",5102,"2008-07-30",1057,"4040","5102","5","4","0","0",,"0","003","-","Y","SUT",3,20,"-","-",16.51,"H","-","E","N",3,"A","-",22350,,"N","A","H","-","A","A","0","Y","A","01",0,0,2,0,0,0,0,0,0,"-","-","YUBA CITY","SUTTER","CA",0,0
"3863781",-121.635258317,39.144644455,2008,"5102","0","7","3","01",0,2,"A",,,,,"Y",600,7,"B","C","A","RT 99","RT 20",1050,"S","N","2009-04-16",5102,"2008-07-27",455,"4074",,"5","4","0","0",,"0","002","-","Y","SUT",3,99,"-","T",30.83,"H","-","S","Y",2,"A","-",23153,"A","N","A","H","-","D","D","0","Y","A","01",0,1,1,0,0,0,0,0,0,"-","-","YUBA CITY","SUTTER","CA",0,0
"3863797",-121.625153206,39.1321754456,2008,"5102","0","5","3","12",0,1,"A",,,,,,1800,7,"D","C","A","CLARK AV","BRIDGE ST",0,,"Y","2009-02-19",5102,"2008-07-25",1702,"4040","5102","5","4","0","0",,"0","004","-","N",,0,0,,,0,,,,"N",3,"A","-",21453,"A","N","A","H","-","A","A","0","Y","A","01",0,1,0,0,0,0,0,0,0,"-","-","YUBA CITY","SUTTER","CA",0,0
"3863801",-121.634540311,39.127407217,2008,"5102","0","5","4","09",0,1,"A",,,,,,300,7,"D","C","A","RT 99","FRANKLIN AV",0,,"Y","2009-03-20",5102,"2008-07-25",102,"4008","5102","5","4","0","0",,"0","001","-","Y","SUT",3,99,"-","-",29.67,"I","5","S","Y",2,"A","-",21800,"D","N","A","G","-","E","B","0","Y","-","-",0,0,1,0,0,0,0,0,0,"-","-","YUBA CITY","SUTTER","CA",0,0
"3865843",-121.671973204,39.0617370605,2008,"5100","4","7","3","03",0,2,"A",,,,,,2400,7,"C","C","A","GEORGE WASHINGTON BL","OSWALD RD",2640,"S","N","2009-04-01",9285,"2008-07-27",2245,"17100",,"3","9","0","2",,"2","052","-","N",,0,0,,,0,,,,"Y",2,"A","-",22350,,"N","A","H","-","D","D","0","Y","A","01",0,1,1,0,0,0,0,0,0,"-","-","UNINCORPORATED","SUTTER","CA",0,0
"3865848",-121.540305896,38.749893956,2008,"5100","3","1","4","01",0,1,"A",,,,,"Y",300,7,"E","I","A","RIEGO RD","RT 99",0,,"Y","2009-04-13",9285,"2008-07-28",120,"15030",,"3","9","0","1",,"1","011","-","Y","SUT",3,99,"-","-",0.95,"I","6","N","Y",1,"A","-",23152,"A","N","A","H","-","C","A","5","Y","A","07",0,0,1,0,0,0,0,0,0,"-","-","UNINCORPORATED","SUTTER","CA",0,0
"3865855",-121.837943373,39.1210365295,2008,"5100","5","2","3","08",0,1,"A",,,,,,1500,7,"A","E","A","TARKE RD","FRANKLIN AV",2640,"S","N","2009-04-01",9285,"2008-07-15",1228,"14401",,"1","9","0","3",,"2","007","-","N",,0,0,,,0,,,,"Y",2,"A","-",22107,,"N","A","H","-","A","D","0","Y","D","22",0,1,0,0,0,0,0,0,0,"-","-","UNINCORPORATED","SUTTER","CA",0,0
"3865908",-121.714886435,39.2058067322,2008,"5100","5","2","4","05",0,1,"A",,,,,,2100,7,"B","C","A","EAST BUTTE RD","SANDERS RD",1300,"N","N","2009-04-01",9285,"2008-07-29",1835,"11077",,"2","9","0","3",,"2","007","-","N",,0,0,,,0,,,,"Y",2,"A","-",21650,,"N","A","H","-","A","A","0","Y","D","22",0,0,1,0,0,0,0,0,0,"-","-","UNINCORPORATED","SUTTER","CA",0,0
"3866511",-121.626732317,39.003370332,2008,"5100","3","1","4","05",0,1,"A",,,,,,2100,8,"E","I","A","RT 99","RT 113",1584,"S","N","2009-03-20",9285,"2008-08-11",1800,"15901",,"2","9","0","1",,"1","011","-","Y","SUT",3,99,"-","-",20.7,"H","-","S","Y",1,"A","-",21650,,"N","A","H","-","A","D","0","Y","D","22",0,0,1,0,0,0,0,0,0,"-","-","UNINCORPORATED","SUTTER","CA",0,0
"3879601",-121.661196516,39.276057759,2008,"5101","0","4","4","03",0,2,"A",,,,,,2100,7,"C","C","A","PENNINGTON RD","RT 99",30,"W","N","2009-03-24",5100,"2008-07-31",1908,"2091","LOCA","5","2","0","0",,"0","02A","-","Y","SUT",3,99,"-","-",40.25,"I","6","S","N",2,"A","-",22350,,"F","A","H","-","A","A","0","Y","A","01",0,0,2,0,0,0,0,0,0,"-","-","LIVE OAK","SUTTER","CA",0,0
"3880306",-121.616883167,38.8364944458,2008,"5100","5","4","3","12",0,2,"A",,,,,,900,9,"D","C","A","VERNON RD","W CATLETT RD",0,,"Y","2009-04-03",9285,"2008-09-25",755,"11077",,"1","9","0","3",,"2","001","-","N",,0,0,,,0,,,,"Y",2,"A","-",22450,"A","N","A","H","-","A","A","0","Y","M","46",0,1,1,0,0,0,0,0,0,"-","-","UNINCORPORATED","SUTTER","CA",0,0
"3881473",-121.543204729,38.898853103,2008,"5100","3","2","4","03",0,1,"B",,,,,,1800,8,"C","C","A","RT 70","NICOLAUS AV",1300,"S","N","2009-03-19",9285,"2008-08-05",1650,"11077",,"2","9","0","1",,"1","010","-","Y","SUT",3,70,"-","-",3.31,"H","-","E","Y",3,"A","-",22350,,"N","A","H","-","A","D","0","Y","A","01",0,0,1,0,0,0,0,0,0,"-","-","UNINCORPORATED","SUTTER","CA",0,0
"3884514",-121.540749646,38.7504043579,2008,"5100","5","7","4","05",0,1,"A",,,,,,1800,8,"E","J","A","RIEGO RD","RT 99",1,"E","N","2009-03-18",9285,"2008-08-03",1620,"15901",,"2","9","0","3",,"2","001","-","N",,0,0,,,0,,,,"Y",1,"A","-",21650,,"N","A","H","-","A","D","0","Y","A","07",0,0,1,0,0,0,0,0,0,"-","-","UNINCORPORATED","SUTTER","CA",0,0
"3896501",-121.633169679,39.066951515,2008,"5100","3","6","4","03",0,1,"A",,,,"Y",,1500,10,"C","C","A","RT 99","OSWALD RD",800,"S","N","2009-06-30",9285,"2008-10-18",1318,"11077",,"1","9","0","1",,"1","051","-","Y","SUT",3,99,"-","-",25.47,"H","-","N","Y",2,"A","-",22350,,"N","A","H","-","A","D","0","Y","A","07",0,0,1,0,0,0,0,0,0,"-","-","UNINCORPORATED","SUTTER","CA",0,0
"3900722",-121.643773202,39.0800056458,2008,"5100","4","7","3","01",0,2,"A",,,,,"Y",600,8,"E","J","A","WALNUT AV","SOUTH WALTON AV",0,,"Y","2009-04-01",9285,"2008-08-03",400,"15030",,"3","9","0","2",,"2","052","-","N",,0,0,,,0,,,,"Y",1,"A","-",23152,"A","N","A","H","-","D","A","0","Y","A","01",0,2,0,0,0,0,0,0,0,"-","-","UNINCORPORATED","SUTTER","CA",0,0
"3900738",-121.74293196,39.1684951782,2008,"5100","4","5","3","18",0,1,"A",,,,,,1200,8,"E","I","A","BUTTE HOUSE RD","CEDAR ST",40,"W","N","2009-04-01",9285,"2008-08-08",1025,"14744",,"1","9","0","2",,"2","073","-","N",,0,0,,,0,,,,"Y",1,"C","-",0,,"N","A","H","-","A","D","0","Y","-","-",0,1,0,0,0,0,0,0,0,"-","-","UNINCORPORATED","SUTTER","CA",0,0
"3900742",-121.634628843,39.11009212,2008,"5100","3","1","4","18",0,1,"A",,,,,,1500,8,"E","J","A","RT 99","LINCOLN RD",1056,"S","N","2009-04-13",9285,"2008-08-11",1215,"14596",,"1","9","0","1",,"1","051","-","Y","SUT",3,99,"-","-",28.47,"H","-","S","N",1,"C","-",0,,"N","A","H","-","A","D","0","Y","-","-",0,0,1,0,0,0,0,0,0,"-","-","UNINCORPORATED","SUTTER","CA",0,0
"3904436",-121.74874323,39.1687049866,2008,"5100","4","4","4","12",0,1,"A",,,,,,2100,5,"D","C","A","BUTTE HOUSE RD","CALIFORNIA ST",0,,"Y","2008-12-10",9285,"2008-05-29",2015,"13245",,"2","9","0","2",,"2","073","-","N",,0,0,,,0,,,,"Y",2,"A","-",22450,"A","N","A","H","-","B","A","0","Y","D","22",0,0,1,0,0,0,0,0,0,"-","-","UNINCORPORATED","SUTTER","CA",0,0
"3904472",-121.611906262,39.0649642944,2008,"5100","4","6","3","01",0,2,"A",,,,,"Y",2100,5,"B","E","A","GARDEN HWY","OSWALD RD",24,"S","N","2008-12-10",9285,"2008-05-17",1925,"13245",,"2","9","0","2",,"2","052","-","N",,0,0,,,0,,,,"Y",2,"A","-",23152,"A","N","A","G","-","A","A","0","Y","A","07",0,1,1,0,0,0,0,0,0,"-","-","UNINCORPORATED","SUTTER","CA",0,0
"3904480",-121.660193219,39.1894836426,2008,"5100","5","4","4","09",0,2,"A",,,,,,1800,5,"D","C","A","EAGER RD","LARKIN RD",0,,"Y","2008-12-10",9285,"2008-05-22",1525,"13245",,"2","9","0","3",,"2","007","-","N",,0,0,,,0,,,,"Y",2,"A","-",21802,"A","N","A","H","-","A","A","0","Y","A","01",0,0,2,0,0,0,0,0,0,"-","-","UNINCORPORATED","SUTTER","CA",0,0
"3905755",-121.631950596,39.003939214,2008,"5100","3","5","4","09",0,1,"A",,,,,,900,7,"D","C","A","RT 113","RT 99",0,,"Y","2009-03-20",9285,"2008-07-18",650,"10148",,"1","9","0","1",,"1","031","-","Y","SUT",3,99,"-","-",20.991,"I","5","S","Y",2,"A","-",21802,"A","N","A","H","-","A","A","0","Y","A","01",0,0,1,0,0,0,0,0,0,"-","-","UNINCORPORATED","SUTTER","CA",0,0
"3905759",-121.544553165,38.9101448059,2008,"5100","5","1","4","03",0,1,"B",,,,,,1200,7,"B","C","A","NICOLAUS AV","PALM ST",0,,"Y","2009-02-05",9285,"2008-07-21",1130,"11077",,"1","9","0","3",,"2","001","-","N",,0,0,,,0,,,,"N",2,"A","-",22350,,"N","A","H","-","A","D","0","Y","A","01",0,0,1,0,0,0,0,0,0,"-","-","UNINCORPORATED","SUTTER","CA",0,0
"3906810",-121.63313308,39.14168649,2008,"5102","0","3","4","03",0,1,"A",,,,"Y",,1800,10,"C","C","A","RT 20","ROCCA WY",200,"W","N","2009-07-14",5102,"2008-10-22",1629,"443","5102","5","4","0","0",,"0","004","-","Y","SUT",3,20,"-","-",15.68,"H","-","E","N",2,"A","-",22350,,"N","A","H","-","A","A","0","Y","A","07",0,0,1,0,0,0,0,0,0,"-","-","YUBA CITY","SUTTER","CA",0,0
"3906818",-121.636400135,39.1308479309,2008,"5102","0","1","3","04",0,1,"A",,,,,,1200,10,"C","C","A","WHYLER RD","OJI",120,"E","N","2009-07-01",5102,"2008-10-27",1133,"4028","5102","5","4","0","0",,"0","002","-","N",,0,0,,,0,,,,"Y",2,"A","-",21703,,"N","A","H","-","A","D","0","Y","I","11",0,1,0,0,0,0,0,0,0,"-","-","YUBA CITY","SUTTER","CA",0,0
"3906822",-121.622538832,39.1383285522,2008,"5102","0","2","3","21",0,1,"A","Y",,,,,1200,10,"G","-","-","ORANGE ST","FORBES AV",213,"N","N","2009-05-20",5102,"2008-10-21",1123,"4067","5102","5","4","0","0",,"0","004","-","N",,0,0,,,0,,,,"N",3,"A","-",22106,,"N","A","H","-","A","D","0","Y","A","01",0,1,0,0,1,0,0,0,0,"-","-","YUBA CITY","SUTTER","CA",0,0
"3909363",0,0,2008,"5102","0","6","3","08",0,3,"B",,,,,,1800,10,"A","C","A","WALTON AV","SUNSWEET BL",0,,"Y","2009-05-22",5102,"2008-10-04",1541,"4027","5102","5","4","0","0",,"0","002","-","N",,0,0,,,0,,,,"Y",2,"A","-",22107,,"N","A","H","-","A","D","0","Y","A","01",0,1,2,0,0,0,0,0,0,"-","-","YUBA CITY","SUTTER","CA",0,0
"3909367",-121.608779954,39.1376686096,2008,"5102","0","5","4","03",0,2,"C",,,,,,1500,10,"D","C","A","BRIDGE ST","SUTTER ST",135,"W","N","2009-05-22",5102,"2008-10-03",1345,"4067",,"5","4","0","0",,"0","004","-","N",,0,0,,,0,,,,"Y",2,"A","-",22350,,"N","B","H","-","A","D","0","Y","A","07",0,0,2,0,0,0,0,0,0,"-","E","YUBA CITY","SUTTER","CA",0,0
"3909422",0,0,2008,"5102","0","3","4","09",0,1,"A",,,,,,1500,10,"D","C","A","BUNCE RD","ANDREW DR",0,,"Y","2009-05-22",5102,"2008-10-01",1206,"4064",,"5","4","0","0",,"0","005","-","N",,0,0,,,0,,,,"N",2,"A","-",21802,"A","N","A","H","-","A","A","0","Y","A","01",0,0,1,0,0,0,0,0,0,"-","-","YUBA CITY","SUTTER","CA",0,0
"3910088",-121.534474326,38.823299408,2008,"5100","5","6","3","05",0,1,"A",,,,,,900,9,"E","I","A","HOWSLEY RD","NATOMAS RD",2112,"W","N","2009-04-20",9285,"2008-09-06",740,"10148",,"1","9","0","3",,"2","001","-","N",,0,0,,,0,,,,"Y",1,"A","-",21650,,"N","A","H","-","A","D","0","Y","D","22",0,1,0,0,0,0,0,0,0,"-","-","UNINCORPORATED","SUTTER","CA",0,0
"3910135",-121.634634007,39.113127838,2008,"5100","3","4","4","07",0,2,"A",,,,,,1800,9,"C","C","A","RT 99","LINCOLN RD",20,"N","N","2009-05-08",9285,"2008-09-04",1520,"13077",,"2","9","0","1",,"1","051","-","Y","SUT",3,99,"-","-",28.68,"H","-","S","Y",2,"A","-",21658,"A","N","A","H","-","A","A","0","Y","A","01",0,0,2,0,0,0,0,0,0,"-","-","UNINCORPORATED","SUTTER","CA",0,0
"3910155",0,0,2008,"5100","5","7","3","05",0,1,"A",,,,,,2400,9,"F","A","A","SACRAMENTO AV","RT 99",6864,"W","N","2009-04-20",9285,"2008-09-07",2200,"14744",,"3","9","0","3",,"2","001","-","N",,0,0,,,0,,,,"Y",1,"A","-",21650,,"N","A","A","B","D","D","0","Y","A","01",0,1,0,0,0,0,0,0,0,"-","-","UNINCORPORATED","SUTTER","CA",0,0
"3913392",-121.643509723,39.096157074,2008,"5100","4","7","3","08",0,1,"A",,,"Y",,,1800,8,"F","A","A","WALTON AV","BOGUE RD",750,"S","N","2009-03-13",9285,"2008-08-03",1635,"15769",,"2","9","0","2",,"2","052","-","N",,0,0,,,0,,,,"N",1,"A","-",22107,,"N","A","H","-","A","D","0","Y","C","03",0,1,0,0,0,0,0,0,1,"-","-","UNINCORPORATED","SUTTER","CA",0,0
"3913432",-121.633163215,39.069099868,2008,"5100","3","5","2","09",0,1,"A",,,"Y",,,1500,8,"D","C","A","RT 99","OSWALD RD",0,,"Y","2009-03-20",9285,"2008-08-01",1218,"10148",,"1","9","0","1",,"1","051","-","Y","SUT",3,99,"-","-",25.62,"I","5","S","Y",2,"A","-",21802,"A","F","A","H","-","A","A","0","Y","A","07",1,0,0,0,0,0,0,0,1,"-","-","UNINCORPORATED","SUTTER","CA",0,0
"3913440",-121.543522791,38.870978286,2008,"5100","3","2","4","03",0,1,"A",,,,,,1800,8,"C","C","A","RT 70","STRIPLIN RD",3168,"N","N","2009-03-20",9285,"2008-08-05",1745,"15901",,"2","9","0","1",,"1","010","-","Y","SUT",3,70,"-","-",1.6,"H","-","E","Y",2,"A","-",22350,,"N","A","H","-","A","D","0","Y","A","01",0,0,1,0,0,0,0,0,0,"-","-","UNINCORPORATED","SUTTER","CA",0,0
"3913441",-121.700247738,39.141172848,2008,"5100","3","4","3","07",0,2,"A",,,,,,1200,8,"B","C","A","RT 20","BUTTE RD",522,"S","N","2009-04-03",9285,"2008-08-21",1055,"14744",,"1","9","0","1",,"2","072","-","Y","SUT",3,20,"-","-",12.07,"H","-","E","Y",2,"A","-",21658,"A","N","A","H","-","A","D","0","Y","A","01",0,2,0,0,0,0,0,0,0,"-","-","UNINCORPORATED","SUTTER","CA",0,0
"3913478",-121.889354202,39.1870346069,2008,"5100","5","5","2","05",0,1,"A",,,"Y",,,900,8,"E","I","A","PASS RD","WEST BUTTE RD",193,"W","N","2009-03-25",9285,"2008-08-15",700,"12237",,"1","9","0","3",,"2","007","-","N",,0,0,,,0,,,,"N",1,"A","-",21650,,"N","A","H","-","A","A","0","Y","C","02",1,0,0,0,0,0,0,0,1,"-","-","UNINCORPORATED","SUTTER","CA",0,0
"3913482",-121.769537183,39.2754020691,2008,"5100","5","4","4","05",0,1,"A",,,,,,2100,8,"E","I","A","PENNINGTON RD","POWELL RD",500,"E","N","2009-03-25",9285,"2008-08-14",2020,"11077",,"2","9","0","3",,"2","007","-","N",,0,0,,,0,,,,"Y",1,"A","-",21650,,"N","A","H","-","D","D","0","Y","A","01",0,0,1,0,0,0,0,0,0,"-","-","UNINCORPORATED","SUTTER","CA",0,0
"3913493",-121.605255863,38.970889266,2008,"5100","3","2","2","05",0,1,"A",,,,,,1200,8,"E","I","A","RT 99","WILSON RD",1056,"S","N","2009-04-03",9285,"2008-08-26",1105,"14744",,"1","9","0","1",,"1","011","-","Y","SUT",3,99,"-","-",17.49,"H","-","N","Y",1,"A","-",21650,,"N","A","H","-","A","D","0","Y","A","01",1,0,0,0,0,0,0,0,0,"-","-","UNINCORPORATED","SUTTER","CA",0,0
"3913498",-121.77155406,39.142423141,2008,"5100","3","2","4","03",0,1,"A",,,,,,1200,8,"F","A","A","RT 20","ACACIA AV",5016,"W","N","2009-04-03",9285,"2008-08-12",935,"12511",,"1","9","0","1",,"2","072","-","Y","SUT",3,20,"-","-",8.25,"H","-","E","Y",1,"A","-",22350,,"N","A","H","-","A","D","0","Y","D","22",0,0,1,0,0,0,0,0,0,"-","-","UNINCORPORATED","SUTTER","CA",0,0
"3913510",-121.726233223,39.142035152,2008,"5100","3","3","3","09",0,1,"A",,,,,,600,8,"D","C","A","RT 20","HUMPHREY RD",0,,"Y","2009-04-03",9285,"2008-08-20",542,"12237",,"3","9","0","1",,"2","072","-","Y","SUT",3,20,"-","-",10.68,"I","5","W","Y",2,"A","-",21802,"A","N","A","H","-","C","A","0","Y","A","01",0,1,0,0,0,0,0,0,0,"-","-","UNINCORPORATED","SUTTER","CA",0,0
"3914921",-121.638936119,39.2123336792,2008,"5100","4","1","3","08",0,1,"A",,,,,"Y",300,6,"A","C","A","LIVE OAK BL","MORSE RD",300,"N","N","2008-12-19",9285,"2008-06-09",30,"01587",,"3","9","0","2",,"2","073","-","N",,0,0,,,0,,,,"Y",2,"A","-",22107,,"N","A","H","-","D","D","0","Y","A","07",0,1,0,0,0,0,0,0,0,"-","-","UNINCORPORATED","SUTTER","CA",0,0
"3914945",-121.8739343,39.143109681,2008,"5100","3","1","4","05",0,2,"A",,,,,,1800,5,"B","C","A","RT 20","HAGEMAN RD",1056,"W","N","2008-12-17",9285,"2008-05-12",1533,"01324",,"2","9","0","1",,"2","072","-","Y","SUT",3,20,"-","-",2.52,"H","-","W","N",2,"A","-",21650,,"N","A","H","-","A","D","0","Y","A","07",0,0,2,0,0,0,0,0,0,"-","-","UNINCORPORATED","SUTTER","CA",0,0
"3918453",-121.628325238,39.141640949,2008,"5102","0","5","3","05",0,1,"A",,"Y",,,,1800,8,"B","G","A","STAFFORD RD","RT 20",0,,"Y","2009-04-03",5102,"2008-08-15",1638,"4040","5102","5","4","0","0",,"0","003","-","Y","SUT",3,20,"-","-",15.94,"I","6","E","N",2,"A","-",21650,"1","N","A","H","-","A","A","0","Y","L","04",0,1,0,0,0,0,1,0,0,"-","-","YUBA CITY","SUTTER","CA",0,0
"3918560",-121.613481382,39.1215248108,2008,"5102","0","5","4","03",0,2,"A",,,,,,1800,9,"C","C","A","GARDEN HWY","BELL AV",150,"N","N","2009-04-22",5102,"2008-09-19",1529,"4079","SUTT","5","4","0","0",,"0","005","-","N",,0,0,,,0,,,,"Y",2,"A","-",22350,,"F","-","H","-","A","D","0","Y","A","01",0,0,2,0,0,0,0,0,0,"-","-","YUBA CITY","SUTTER","CA",0,0
"3918565",-121.644038969,39.1272544861,2008,"5102","0","3","3","01",0,1,"A",,,"Y",,"Y",2400,9,"H","A","A","FRANKLIN RD","SOUTH WALTON AV",30,"W","N","2009-04-30",5102,"2008-09-24",2215,"4081","5102","5","4","0","0",,"0","004","-","N",,0,0,,,0,,,,"N",1,"A","-",23152,"A","N","A","H","-","C","D","0","Y","C","02",0,1,0,0,0,0,0,0,1,"-","-","YUBA CITY","SUTTER","CA",0,0
"3918573",-121.629913297,39.1331481934,2008,"5102","0","5","3","01",0,1,"A",,,,,"Y",600,9,"C","E","A","GRAY AV","BRIDGE ST",300,"N","N","2009-04-30",5102,"2008-09-19",505,"4081","5102","5","4","0","0",,"0","004","-","N",,0,0,,,0,,,,"N",3,"A","-",23152,"A","N","A","H","-","C","D","0","Y","A","01",0,1,0,0,0,0,0,0,0,"-","-","YUBA CITY","SUTTER","CA",0,0
"3918576",-121.63502823,39.14183516,2008,"5102","0","1","4","03",0,1,"A",,,,,,2100,9,"C","C","A","RT 20","RT 99",21,"E","N","2009-05-05",5102,"2008-09-15",1836,"4039","0915","5","4","0","0",,"0","183","-","Y","SUT",3,20,"-","-",15.58,"H","-","W","Y",2,"A","-",22350,,"N","A","H","-","A","A","0","Y","A","01",0,0,1,0,0,0,0,0,0,"-","-","YUBA CITY","SUTTER","CA",0,0