"CASEID","POINT_X","POINT_Y","YEAR_","LOCATION","CHPTYPE","DAYWEEK","CRASHSEV","VIOLCAT","KILLED","INJURED","WEATHER1","PEDCOL","BICCOL","MCCOL","TRUCKCOL","ETOH","TIMECAT","MONTH_","CRASHTYP","INVOLVE","PED","PRIMARYRD","SECONDRD","DISTANCE","DIRECT","INTERSECT_","PROCDATE","JURIS","DATE_","TIME_","BADGE","JURIDIST","SHIFT","POP","SPECIAL","BEATTYPE","LAPDDIV","BEATCLAS","BEATNUMB","WEATHER2","STATEHW","CALTRANC","CALTRAND","STROUTE","ROUTESUF","POSTPRE","POSTMILE","LOCATYPE","RAMP","SIDEHW","TOWAWAY","PARTIES","PCF","VIOLCODE","VIOL","VIOLSUB","HITRUN","ROADSURF","RDCOND1","RDCOND2","LIGHTING","RIGHTWAY","CHPRDTYP","NOTPRIV","STFAULT","CHPFAULT","SEVINJ","OTHERINJ","COP","PEDKILL","PEDINJ","BICKILL","BICINJ","MCKILL","MCINJURE","RAMP1","RAMP2","CITY","COUNTY","STATE","X_CHP","Y_CHP"
"4534913",-121.63478,39.12727,2009,"5102","0","4","4","03",0,1,"A",,,,,,1500,12,"C","C","A","WEST ONSTOTT RD","FRANKLIN RD",0,,"Y","2010-09-27",5102,"2009-12-24",1436,"4034","5102","5","4","0","0",,"0","002","-","N",,0,0,,,0,,,,"N",2,"A","-",22350,,"N","A","H","-","A","A","0","Y","A","01",0,0,1,0,0,0,0,0,0,"-","-","YUBA CITY","SUTTER","CA",0,0
"4534917",-121.634521467,39.14083106,2009,"5102","0","3","3","03",0,1,"A",,,"Y",,,1500,12,"C","C","A","RT 99","RT 20",12,"S","N","2010-10-26",5102,"2009-12-23",1438,"4081","5102","5","4","0","0",,"0","002","-","Y","SUT",3,99,"-","-",30.62,"H","-","N","Y",2,"A","-",22350,,"N","A","H","-","A","A","0","Y","C","02",0,1,0,0,0,0,0,0,1,"-","-","YUBA CITY","SUTTER","CA",0,0
"4534921",-121.639202909,39.141675692,2009,"5102","0","2","4","03",0,2,"A",,,,,,1800,12,"C","C","A","RT 20","CIVIC CENTER BL",0,,"Y","2010-10-28",5102,"2009-12-22",1558,"4028","5102","5","4","0","0",,"0","002","-","Y","SUT",3,20,"-","R",15.354,"I","5","E","Y",3,"A","-",22350,,"N","A","H","-","A","A","0","Y","A","08",0,0,2,0,0,0,0,0,0,"-","-","YUBA CITY","SUTTER","CA",0,0
"4534925",-121.639649399,39.14167768,2009,"5102","0","3","4","03",0,1,"A",,,,,,1500,12,"C","C","A","RT 20","CIVIC CENTER BL",120,"W","N","2010-10-28",5102,"2009-12-23",1307,"4079","5102","5","4","0","0",,"0","002","-","Y","SUT",3,20,"-","R",15.33,"H","-","E","Y",2,"A","-",22350,,"N","A","H","-","A","A","0","Y","A","07",0,0,1,0,0,0,0,0,0,"-","-","YUBA CITY","SUTTER","CA",0,0
"4534933",0,0,2009,"5102","0","1","3","03",0,1,"B",,,,,,1500,12,"C","C","A","HARDING PARKWAY","BUTTE HOUSE RD",45,"S","N","2010-09-27",5102,"2009-12-21",1257,"4046","5102","5","4","0","0",,"0","001","-","N",,0,0,,,0,,,,"N",2,"A","-",22350,,"N","B","H","-","A","A","0","Y","A","01",0,1,0,0,0,0,0,0,0,"-","-","YUBA CITY","SUTTER","CA",0,0
"4534941",-121.634450802,39.131718083,2009,"5102","0","3","4","03",0,1,"B",,,,,,1800,12,"C","C","A","RT 99","BRIDGE ST",300,"S","N","2010-10-26",5102,"2009-12-16",1722,"4058","5102","5","4","0","0",,"0","002","-","Y","SUT",3,99,"-","-",29.97,"H","-","S","Y",3,"A","-",22350,,"N","B","H","-","C","A","0","Y","A","07",0,0,1,0,0,0,0,0,0,"-","-","YUBA CITY","SUTTER","CA",0,0
"4534945",-121.628012473,39.141753048,2009,"5102","0","4","4","03",0,1,"B",,,,,,1800,12,"C","C","A","RT 20","STAFFORD WY",120,"E","N","2010-10-28",5102,"2009-12-17",1642,"4079","5102","5","4","0","0",,"0","003","-","Y","SUT",3,20,"-","-",15.96,"H","-","W","Y",3,"A","-",22350,,"N","A","H","-","C","A","0","Y","A","07",0,0,1,0,0,0,0,0,0,"-","-","YUBA CITY","SUTTER","CA",0,0
"4534953",-121.634507295,39.134878411,2009,"5102","0","6","4","03",0,1,"B",,,,,,1800,12,"C","C","A","RT 99","SUNSWEET BL",250,"S","N","2010-10-26",5102,"2009-12-19",1718,"9000","5102","5","4","0","0",,"0","002","-","Y","SUT",3,99,"-","-",30.19,"H","-","S","Y",4,"A","-",22350,,"N","A","H","-","B","D","0","Y","A","01",0,0,1,0,0,0,0,0,0,"-","-","YUBA CITY","SUTTER","CA",0,0
"4534957",-121.6170595,39.11049052,2009,"5102","0","7","4","03",0,1,"C",,,,,,1200,12,"C","C","A","GARDEN HWY","EPLEY DR",13,"N","N","2010-09-27",5102,"2009-12-13",1116,"4034","5102","5","4","0","0",,"0","005","-","N",,0,0,,,0,,,,"Y",2,"A","-",22350,,"N","B","H","-","A","D","0","Y","A","01",0,0,1,0,0,0,0,0,0,"-","-","YUBA CITY","SUTTER","CA",0,0
"4534976",-121.623214,39.15184136,2009,"5102","0","1","4","09",0,1,"B",,,,,,1200,12,"D","C","A","QUEENS AV","YOUNGS LN",48,"E","N","2010-09-20",5102,"2009-12-21",1036,"4028","5102","5","4","0","0",,"0","003","-","N",,0,0,,,0,,,,"Y",2,"A","-",21804,"A","N","A","H","-","A","D","0","Y","A","08",0,0,1,0,0,0,0,0,0,"-","-","YUBA CITY","SUTTER","CA",0,0
"4534984",0,0,2009,"5102","0","5","3","08",0,1,"B",,,,,,900,12,"D","C","A","EL MARGARITA RD","SPIRIT WY",300,"S","N","2010-09-20",5102,"2009-12-18",746,"4083","SUTTE","5","4","0","0",,"0",,"E","N",,0,0,,,0,,,,"Y",2,"A","-",22107,,"N","B","H","-","A","D","0","Y","A","01",0,1,0,0,0,0,0,0,0,"-","-","YUBA CITY","SUTTER","CA",0,0
"4537528",-121.7282465,38.90790846,2009,"5100","5","2","4","08",0,1,"B",,,,,,2100,12,"F","A","A","RECLAMATION RD","KIRKVILLE RD",528,"S","N","2010-09-23",9285,"2009-12-29",1845,"13245",,"2","9","0","3",,"2","003","C","N",,0,0,,,0,,,,"Y",1,"A","-",22107,,"N","B","H","-","D","D","0","Y","A","01",0,0,1,0,0,0,0,0,0,"-","-","UNINCORPORATED","SUTTER","CA",-121.72765,38.90679
"4544330",-121.5438168,38.85738772,2009,"5100","3","3","4","18",0,1,"A",,,"Y",,,1800,12,"F","A","A","RT 70","STRIPLIN RD",800,"S","N","2010-11-04",9285,"2009-12-02",1730,"11077",,"2","9","0","1",,"1","010","-","Y","SUT",3,70,"-","-",0.85,"H","-","W","Y",1,"C","-",0,,"N","A","D","H","D","A","0","Y","-","-",0,0,1,0,0,0,0,0,1,"-","-","UNINCORPORATED","SUTTER","CA",0,0
"4544334",-121.7149225,39.18842534,2009,"5100","5","2","4","03",0,1,"B",,,,,,1800,12,"E","I","A","BUTTE RD","AHLF RD",600,"E","N","2010-09-29",9285,"2009-12-01",1655,"12305","9285","2","9","0","3",,"2","007","-","N",,0,0,,,0,,,,"Y",1,"A","-",22350,,"N","A","H","-","D","D","0","Y","A","07",0,0,1,0,0,0,0,0,0,"-","-","UNINCORPORATED","SUTTER","CA",0,0
"4545175",-121.606603218,38.930680255,2009,"5100","3","1","3","09",0,3,"A",,,,,"Y",900,11,"D","C","A","RT 99","LAUREL AV",0,,"Y","2010-10-26",9285,"2009-11-30",600,"11077",,"1","9","0","1",,"1","011","-","Y","SUT",3,99,"-","-",14.671,"I","5","N","Y",2,"A","-",21802,"A","N","A","H","-","D","A","0","Y","D","22",0,1,2,0,0,0,0,0,0,"-","-","UNINCORPORATED","SUTTER","CA",0,0
"4548409",-121.543743364,38.776164165,2009,"5100","3","6","4","00",0,1,"E",,,,,,900,12,"F","A","A","RT 99","SANKEY RD",1056,"S","N","2010-10-26",9285,"2009-12-26",810,"10148",,"1","9","0","1",,"1","011","-","Y","SUT",3,99,"-","-",2.84,"H","-","S","Y",1,"D","-",0,,"N","A","H","-","A","D","5","Y","-","-",0,0,1,0,0,0,0,0,0,"-","-","UNINCORPORATED","SUTTER","CA",0,0
"4548410",-121.634599303,39.117957541,2009,"5100","3","3","4","21",0,1,"A",,,,,,1500,12,"C","C","A","RT 99","RICHLAND RD",30,"S","N","2010-10-26",9285,"2009-12-09",1345,"13245",,"1","9","0","1",,"1","051","-","Y","SUT",3,99,"-","-",29.03,"H","-","N","N",2,"A","-",22106,,"N","A","H","-","A","A","0","Y","A","01",0,0,1,0,0,0,0,0,0,"-","-","UNINCORPORATED","SUTTER","CA",0,0
"4548433",-121.4845564,38.82404969,2009,"5100","5","1","4","05",0,1,"B",,,,,,1500,12,"E","I","A","HOWSLEY RD","PLEASANT GROVE RD",1056,"E","N","2010-10-01",9285,"2009-12-28",1255,"10148",,"1","9","0","3",,"2","001","-","N",,0,0,,,0,,,,"Y",1,"A","-",21650,,"N","A","H","-","A","D","0","Y","A","01",0,0,1,0,0,0,0,0,0,"-","-","UNINCORPORATED","SUTTER","CA",0,0
"4548438",-121.60645,39.07701,2009,"5100","4","5","4","08",0,2,"E",,,,,,900,12,"F","C","A","GARDEN HWY","BARRY RD",0,,"Y","2010-10-04",9285,"2009-12-18",610,"16327",,"1","9","0","2",,"2","052","-","N",,0,0,,,0,,,,"Y",2,"A","-",22107,,"N","B","H","-","D","D","0","Y","D","22",0,0,2,0,0,0,0,0,0,"-","-","UNINCORPORATED","SUTTER","CA",-121.60742,39.07239
"4549195",-121.7448112,39.1686266,2009,"5100","4","2","4","03",0,3,"B",,,,,,900,12,"C","C","A","BUTTE HOUSE RD","MULBERRY ST",97,"E","N","2010-09-29",9285,"2009-12-15",755,"010148",,"1","9","0","2",,"2","073","-","N",,0,0,,,0,,,,"Y",2,"A","-",22350,,"N","A","H","-","A","D","0","Y","A","07",0,0,3,0,0,0,0,0,0,"-","-","UNINCORPORATED","SUTTER","CA",0,0
"4550272",-121.657568059,39.264481827,2009,"5100","3","5","4","03",0,1,"C",,,,,,1800,12,"C","C","A","RT 99","COLEMAN AV",528,"N","N","2010-11-08",9285,"2009-12-11",1750,"18658",,"2","9","0","1",,"1","071","-","Y","SUT",3,99,"-","-",39.42,"H","-","S","N",3,"A","-",22350,,"N","-","G","-","D","D","1","Y","D","22",0,0,1,0,0,0,0,0,0,"-","-","UNINCORPORATED","SUTTER","CA",-121.65724,39.26352
"4550273",-121.48757,38.95466,2009,"5100","5","6","4","01",0,1,"A",,,,,"Y",2100,12,"F","A","A","KEMPTON RD","PLEASANT GROVE RD",0,"W","N","2010-11-19",9285,"2009-12-05",1930,"15849",,"2","9","0","3",,"2","001","-","N",,0,0,,,0,,,,"Y",1,"A","-",23152,"A","N","A","H","-","D","D","0","Y","D","22",0,0,1,0,0,0,0,0,0,"-","-","UNINCORPORATED","SUTTER","CA",-121.49015,38.95464
"4550288",-121.689200953,39.141329119,2009,"5100","3","3","4","03",0,3,"B",,,,,,1800,12,"C","C","A","RT 20","TOWNSHIP RD",60,"W","N","2010-10-28",9285,"2009-12-09",1505,"11077",,"2","9","0","1",,"2","072","-","Y","SUT",3,20,"-","-",12.66,"H","-","E","Y",2,"A","-",22350,,"N","A","H","-","A","A","0","Y","A","01",0,0,3,0,0,0,0,0,0,"-","-","UNINCORPORATED","SUTTER","CA",0,0
"4550309",-121.711856233,39.141352584,2009,"5102","4","1","4","03",0,2,"B",,,,,,900,12,"C","C","A","RT 20","JOINES RD",1056,"E","N","2010-10-29",9285,"2009-12-14",655,"12237",,"1","4","0","2",,"2","062","-","Y","YUB",3,20,"-","-",11.45,"H","-","E","Y",2,"A","-",22350,,"N","B","H","-","B","D","0","Y","A","01",0,0,2,0,0,0,0,0,0,"-","-","YUBA CITY","SUTTER","CA",-121.44709,39.22137
"4551956",-121.8620645,39.07159405,2009,"5100","5","5","2","06",0,2,"B",,,"Y",,"Y",1500,11,"D","C","A","WOOD RD","MERIDIAN RD",1056,"E","N","2010-09-07",9285,"2009-11-27",1400,"013245",,"2","9","0","3",,"2","005","-","N",,0,0,,,0,,,,"N",2,"A","-",21750,,"N","B","G","-","A","D","0","Y","C","02",1,1,0,0,0,0,0,0,2,"-","-","UNINCORPORATED","SUTTER","CA",-121.86246,39.06848
"4553124",-121.63541,39.13238,2009,"5102","0","1","4","09",0,2,"B",,,,,,1500,12,"D","C","A","BRIDGE ST","ONSTOTT RD",0,,"Y","2010-09-23",5102,"2009-12-28",1409,"4046","5102","5","4","0","0",,"0","002","-","N",,0,0,,,0,,,,"Y",3,"A","-",21801,"A","N","A","H","-","A","A","0","Y","D","22",0,0,2,0,0,0,0,0,0,"-","-","YUBA CITY","SUTTER","CA",0,0
"4553128",-121.616968849,39.140732467,2009,"5102","0","1","4","07",0,1,"B",,,,,,2100,12,"B","C","A","RT 20","SHASTA ST",213,"W","N","2010-10-29",5102,"2009-12-28",1841,"4046","5102","5","4","0","0",,"0","002","-","Y","SUT",3,20,"-","-",16.57,"H","-","E","Y",2,"A","-",21658,"A","F","A","H","-","C","A","0","Y","A","01",0,0,1,0,0,0,0,0,0,"-","-","YUBA CITY","SUTTER","CA",0,0
"4553132",-121.6364407,39.13237031,2009,"5102","0","3","4","03",0,1,"B",,,,,,1500,12,"C","C","A","BRIDGE ST","OJI WY",100,"E","N","2010-09-23",5102,"2009-12-30",1254,"4079","5102","5","4","0","0",,"0","002","-","N",,0,0,,,0,,,,"Y",3,"A","-",22350,,"N","A","H","-","A","D","0","Y","A","07",0,0,1,0,0,0,0,0,0,"-","-","YUBA CITY","SUTTER","CA",0,0
"4553136",-121.632445611,39.141792742,2009,"5102","0","3","4","09",0,1,"B",,,,,,1200,12,"D","C","A","RT 20","ROCCA WY",0,,"Y","2010-10-28",5102,"2009-12-30",1031,"4028","5102","5","4","0","0",,"0","003","-","Y","SUT",3,20,"-","-",15.72,"I","5","W","Y",2,"A","-",21453,"C","F","A","H","-","A","A","0","Y","A","07",0,0,1,0,0,0,0,0,0,"-","-","YUBA CITY","SUTTER","CA",0,0
"4553144",-121.64393,39.13231,2009,"5102","0","5","3","00",0,1,"A",,,,,,1200,12,"D","C","A","WALTON AV","BRIDGE ST",0,,"Y","2010-09-23",5102,"2009-12-25",935,"4083","SUTTE","5","4","0","0",,"0","001","-","N",,0,0,,,0,,,,"Y",2,"D","-",0,,"N","A","H","-","A","A","0","Y","-","-",0,1,0,0,0,0,0,0,0,"-","-","YUBA CITY","SUTTER","CA",0,0
"4553148",-121.619984187,39.141119087,2009,"5102","0","6","4","07",0,1,"A",,,,,,2100,12,"B","C","A","RT 20","CHESTNUT ST",50,"E","N","2010-10-28",5102,"2009-12-19",1831,"4061","SUTTE","5","4","0","0",,"0","004","-","Y","SUT",3,20,"-","-",16.4,"H","-","W","N",2,"A","-",21658,"A","F","A","H","-","C","D","0","Y","-","-",0,0,1,0,0,0,0,0,0,"-","-","YUBA CITY","SUTTER","CA",0,0
"4553430",-121.6132838,39.13380494,2009,"5102","0","4","2","10",0,1,"A","Y",,,,,1800,11,"A","B","D","B ST","WILBUR AV",249,"W","N","2010-09-03",5102,"2009-11-19",1759,"4034","5102","5","4","0","0",,"0","004","-","N",,0,0,,,0,,,,"N",2,"A","-",21954,"B","N","A","H","-","C","D","0","Y","D","22",1,0,0,0,1,0,0,0,0,"-","-","YUBA CITY","SUTTER","CA",0,0
"4556054",-121.63542331,39.127276591,2010,"5102","0","7","4","12",0,1,"B",,,,,,1200,1,"A","C","A","FRANKLIN RD","RT 99",250,"W","N","2011-02-11",5102,"2010-01-24",1126,"4046","5102","5","4","0","0",,"0","002","C","N",,0,0,,,0,,,,"Y",2,"A","-",21453,"A","N","B","H","-","A","A","0","Y","A","01",0,0,1,0,0,0,0,0,0,"-","-","YUBA CITY","SUTTER","CA",0,0
"4556058",-121.623152683,39.141456309,2010,"5102","0","5","4","03",0,1,"C",,,,,,1500,1,"C","C","A","RT 20","ORANGE ST",40,"W","N","2011-02-09",5102,"2010-01-22",1329,"4034","5102","5","4","0","0",,"0","004","-","Y","SUT",3,20,"-","-",16.22,"H","-","E","Y",2,"A","-",22350,,"N","B","H","-","A","A","0","Y","A","01",0,0,1,0,0,0,0,0,0,"-","-","YUBA CITY","SUTTER","CA",0,0
"4556062",-121.632445611,39.141792742,2010,"5102","0","4","4","10",0,2,"C","Y",,,,,2100,1,"G","B","D","RT 20","ROCCA WY",150,"W","N","2011-10-14",5102,"2010-01-21",2017,"4080","5102","5","4","0","0",,"0","003","-","Y","SUT",3,20,"-","-",15.72,"I","6","W","N",3,"A","-",21950,"A","N","B","H","-","C","D","0","Y","A","08",0,0,2,0,2,0,0,0,0,"-","-","YUBA CITY","SUTTER","CA",0,0
"4556066",-121.634454988,39.133154379,2010,"5102","0","3","3","01",0,1,"C",,,,,"Y",2100,1,"C","C","A","RT 99","BRIDGE ST",200,"N","N","2011-02-14",5102,"2010-01-20",1816,"4079","5102","5","4","0","0",,"0","002","-","Y","SUT",3,99,"-","-",30.07,"H","-","S","N",2,"A","-",23152,"A","N","B","H","-","C","A","0","Y","A","01",0,1,0,0,0,0,0,0,0,"-","-","YUBA CITY","SUTTER","CA",0,0
"4556070",-121.634530312,39.127023047,2010,"5102","0","4","4","21",0,1,"B",,,,,,1500,1,"C","C","A","RT 99","FRANKLIN AV",60,"S","N","2011-02-14",5102,"2010-01-07",1304,"4079","5102","5","4","0","0",,"0","004","-","Y","SUT",3,99,"-","-",29.66,"H","-","N","N",2,"A","-",22106,,"N","A","H","-","A","A","0","Y","D","22",0,0,1,0,0,0,0,0,0,"-","-","YUBA CITY","SUTTER","CA",0,0
"4556873",-121.640998696,39.219092935,2009,"5100","3","6","3","08",0,3,"A",,,,,,2100,11,"F","A","A","RT 99","LIVE OAK BL",300,"N","N","2010-11-08",9285,"2009-11-28",2045,"018561",,"2","9","0","1",,"1","071","-","Y","SUT",3,99,"-","T",36.04,"H","-","N","Y",1,"A","-",22107,,"N","A","H","-","C","A","1","Y","D","22",0,2,1,0,0,0,0,0,0,"-","-","UNINCORPORATED","SUTTER","CA",-121.64103,39.21952
"4557895",-121.6216959,39.13311424,2009,"5102","0","5","2","03",0,2,"A",,,,,,1500,12,"A","I","A","BRIDGE ST","PARK AV",120,"E","N","2010-10-08",5102,"2009-12-04",1213,"4079","5102","5","4","0","0",,"0","004","-","N",,0,0,,,0,,,,"Y",1,"A","-",22350,,"N","A","-","-","A","D","0","Y","A","01",1,1,0,0,0,0,0,0,0,"-","-","YUBA CITY","SUTTER","CA",0,0
"4561929",0,0,2010,"5102","0","4","4","10",0,1,"A","Y",,,,,1200,1,"B","B","B","BUTTE HOUSE RD","YUBA PLAZA DR",0,,"Y","2010-10-27",5102,"2010-01-14",1005,"4079","5102","5","4","0","0",,"0","003","-","N",,0,0,,,0,,,,"N",2,"A","-",21950,"A","N","A","H","-","A","A","0","Y","A","07",0,0,1,0,1,0,0,0,0,"-","-","YUBA CITY","SUTTER","CA",0,0
"4561937",-121.630213209,39.149105161,2010,"5102","0","5","4","09",0,2,"C",,,,,,1500,1,"D","C","A","GRAY AV","WASHINGTON AV",0,,"Y","2010-10-27",5102,"2010-01-08",1442,"4034","5102","5","4","0","0",,"0","003","-","N",,0,0,,,0,,,,"Y",2,"A","-",21802,"A","N","B","H","-","A","A","0","Y","A","01",0,0,2,0,0,0,0,0,0,"-","-","YUBA CITY","SUTTER","CA",0,0
"4561941",-121.64394321,39.137905158,2010,"5102","0","6","4","08",0,3,"B",,,,,,1500,1,"B","C","A","WALTON AV","LASSEN BL",0,,"Y","2011-02-01",5102,"2010-01-09",1422,"4080","5102","5","4","0","0",,"0","002","-","N",,0,0,,,0,,,,"Y",2,"A","-",22107,,"N","A","H","-","A","D","0","Y","A","01",0,0,3,0,0,0,0,0,0,"-","-","YUBA CITY","SUTTER","CA",0,0
"4561945",-121.648679487,39.149370885,2010,"5102","0","7","4","03",0,1,"A",,,,,,1500,1,"C","C","A","BUTTE HOUSE RD","THARP RD",50,"W","N","2010-10-27",5102,"2010-01-17",1252,"447","SUTTE","5","4","0","0",,"0","002","-","N",,0,0,,,0,,,,"N",3,"A","-",22350,,"N","B","H","-","A","A","0","Y","A","01",0,0,1,0,0,0,0,0,0,"-","-","YUBA CITY","SUTTER","CA",0,0
"4561953",-121.623283077,39.130442199,2010,"5102","0","2","3","03",0,1,"C","Y",,,,,900,1,"G","B","B","B ST","COOPER AV",3,"W","N","2010-10-27",5102,"2010-01-19",803,"4011","5102","5","4","0","0",,"0","004","-","N",,0,0,,,0,,,,"N",2,"A","-",22350,,"N","B","H","-","A","A","0","Y","D","22",0,1,0,0,1,0,0,0,0,"-","-","YUBA CITY","SUTTER","CA",0,0
"4561957",-121.644098989,39.155377551,2010,"5102","0","2","4","09",0,2,"B",,,,,,1500,1,"D","C","A","STABLER LN","COATS DR",81,"N","N","2010-11-04",5102,"2010-01-19",1355,"4046","5102","5","4","0","0",,"0","002","G","N",,0,0,,,0,,,,"Y",2,"A","-",21801,"A","N","B","H","-","A","A","0","Y","A","01",0,0,2,0,0,0,0,0,0,"-","-","YUBA CITY","SUTTER","CA",0,0
"4561961",-121.629943207,39.13516547,2010,"5102","0","3","4","03",0,1,"A",,,,,,1200,1,"C","C","A","GRAY AV","SPIVA AV",80,"S","N","2010-10-27",5102,"2010-01-13",1150,"4079","5102","5","4","0","0",,"0","004","-","N",,0,0,,,0,,,,"Y",2,"A","-",22350,,"N","A","H","-","A","D","0","Y","A","08",0,0,1,0,0,0,0,0,0,"-","-","YUBA CITY","SUTTER","CA",0,0
"4561969",0,0,2010,"5102","0","2","4","03",0,1,"B",,,,,,1800,1,"C","C","A","FRANKLIN AV","WINCO STORE",387,"E","N","2010-10-27",5102,"2010-01-19",1510,"4011","5102","5","4","0","0",,"0","002","-","N",,0,0,,,0,,,,"Y",2,"A","-",22350,,"N","B","H","-","A","A","0","Y","A","01",0,0,1,0,0,0,0,0,0,"-","-","YUBA CITY","SUTTER","CA",0,0
"4561977",-121.644053211,39.15067516,2010,"5102","0","2","4","03",0,3,"C",,,,,,1800,1,"C","C","A","STABLER LN","HEATHER DR",0,,"Y","2010-10-27",5102,"2010-01-19",1658,"4046","5102","5","4","0","0",,"0","002","G","N",,0,0,,,0,,,,"Y",3,"A","-",22350,,"N","B","H","-","B","A","0","Y","A","01",0,0,3,0,0,0,0,0,0,"-","-","YUBA CITY","SUTTER","CA",0,0
"4561981",-121.620780833,39.145890615,2010,"5102","0","3","4","08",0,2,"C",,,,,,2100,1,"D","C","A","LIVE OAK BL","MILLER ST",100,"S","N","2011-02-09",5102,"2010-01-20",2023,"4080","5102","5","4","0","0",,"0","003","-","N",,0,0,,,0,,,,"N",2,"A","-",22107,,"N","B","H","-","C","D","0","Y","A","07",0,0,2,0,0,0,0,0,0,"-","-","YUBA CITY","SUTTER","CA",0,0
"4561989",-121.637258475,39.132355706,2010,"5102","0","7","4","03",0,2,"C",,,,,,2100,1,"C","C","A","BRIDGE ST","OJI WY",132,"W","N","2010-10-27",5102,"2010-01-24",1844,"4071","5102","5","4","0","0",,"0","002","-","N",,0,0,,,0,,,,"N",2,"A","-",22350,,"N","B","H","-","E","D","0","Y","A","01",0,0,2,0,0,0,0,0,0,"-","-","YUBA CITY","SUTTER","CA",0,0
"4561997",-121.643934652,39.131765977,2010,"5102","0","6","4","09",0,2,"B",,,,,,900,1,"D","C","A","WALTON AV","BRIDGE ST",200,"S","N","2010-10-27",5102,"2010-01-23",855,"4083","SUTTE","5","4","0","0",,"0","001","-","N",,0,0,,,0,,,,"Y",3,"A","-",21801,"A","N","B","H","-","A","D","0","Y","-","-",0,0,2,0,0,0,0,0,0,"-","-","YUBA CITY","SUTTER","CA",0,0
"4562706",-121.61514306,39.150385508,2010,"5102","0","3","3","03",0,3,"A",,,,,,1500,1,"C","C","A","MARKET ST","LYNN WY",20,"S","N","2010-11-08",5102,"2010-01-13",1408,"4011","5102","5","4","0","0",,"0","003","-","N",,0,0,,,0,,,,"Y",2,"A","-",22350,,"N","A","H","-","A","A","0","Y","A","01",0,2,1,0,0,0,0,0,0,"-","-","YUBA CITY","SUTTER","CA",0,0
"4562710",-121.625266345,39.135539686,2010,"5102","0","1","4","09",0,1,"B",,,,,,1200,1,"D","C","A","CLARK AV","SPIVA AV",100,"N","N","2010-11-08",5102,"2010-01-25",1156,"4011","5102","5","4","0","0",,"0","003","C","N",,0,0,,,0,,,,"Y",2,"A","-",21804,"A","N","B","H","-","A","A","0","Y","A","07",0,0,1,0,0,0,0,0,0,"-","-","YUBA CITY","SUTTER","CA",0,0
"4565463",-121.609305692,39.137486778,2010,"5102","0","2","3","09",0,1,"E",,,,,,1800,1,"D","C","A","BRIDGE ST","YOLO ST",60,"W","N","2010-10-28",5102,"2010-01-05",1513,"4034","5102","5","4","0","0",,"0","004","-","N",,0,0,,,0,,,,"Y",2,"A","-",21801,"A","N","A","H","-","A","D","0","Y","A","01",0,1,0,0,0,0,0,0,0,"-","-","YUBA CITY","SUTTER","CA",0,0
"4565479",-121.628325238,39.141640949,2010,"5102","0","2","4","17",0,1,"E",,"Y",,,,1800,1,"D","G","A","RT 20","STAFFORD WY",0,,"Y","2011-02-09",5102,"2010-01-05",1722,"4034","5102","5","4","0","0",,"0","004","-","Y","SUT",3,20,"-","-",15.94,"I","5","E","N",2,"A","-",21461,"A","N","A","H","-","C","A","0","Y","L","04",0,0,1,0,0,0,1,0,0,"-","-","YUBA CITY","SUTTER","CA",0,0
"4565487",-121.634509012,39.134935999,2010,"5102","0","2","4","03",0,2,"E",,,,,,1500,1,"C","C","A","RT 99","SUNSWEET BL",150,"S","N","2011-03-08",5102,"2010-01-05",1304,"4034","5102","5","4","0","0",,"0","004","-","Y","SUT",3,99,"-","-",30.21,"H","-","N","N",2,"A","-",22350,,"N","A","H","-","A","A","0","Y","A","01",0,0,2,0,0,0,0,0,0,"-","-","YUBA CITY","SUTTER","CA",0,0
"4565666",-121.634831545,39.076226539,2010,"5100","3","5","4","12",0,1,"C",,,,,,1500,1,"C","C","A","RT 99","BARRY RD",25,"N","N","2011-02-14",9285,"2010-01-01",1224,"15491",,"1","9","0","1",,"1","051","-","Y","SUT",3,99,"-","-",26.13,"H","-","N","N",2,"A","-",21453,"A","N","B","H","-","A","A","0","Y","A","07",0,0,1,0,0,0,0,0,0,"-","-","UNINCORPORATED","SUTTER","CA",-121.63484,39.07644
"4569301",-121.662353217,39.17070516,2010,"5100","5","1","4","09",0,1,"B",,,,,,1200,2,"D","C","A","TIERRA BUENA RD","PEASE RD",0,,"Y","2011-02-01",9285,"2010-02-08",1030,"13245",,"1","9","0","3",,"2","007","-","N",,0,0,,,0,,,,"Y",2,"A","-",21802,"A","N","A","H","-","A","A","0","Y","A","01",0,0,1,0,0,0,0,0,0,"-","-","UNINCORPORATED","SUTTER","CA",-121.66257,39.17076
"4569321",-121.643606494,39.092451292,2010,"5100","4","4","4","01",0,1,"A",,,,,"Y",1200,2,"E","I","A","SOUTH WALTON AV","STARR ST",16,"S","N","2010-11-29",9285,"2010-02-11",1053,"13077",,"1","9","0","2",,"2","052","-","N",,0,0,,,0,,,,"Y",1,"A","-",23152,"A","N","A","H","-","A","D","0","Y","A","01",0,0,1,0,0,0,0,0,0,"-","-","UNINCORPORATED","SUTTER","CA",0,0