"CASEID","POINT_X","POINT_Y","YEAR_","LOCATION","CHPTYPE","DAYWEEK","CRASHSEV","VIOLCAT","KILLED","INJURED","WEATHER1","PEDCOL","BICCOL","MCCOL","TRUCKCOL","ETOH","TIMECAT","MONTH_","CRASHTYP","INVOLVE","PED","PRIMARYRD","SECONDRD","DISTANCE","DIRECT","INTERSECT_","PROCDATE","JURIS","DATE_","TIME_","BADGE","JURIDIST","SHIFT","POP","SPECIAL","BEATTYPE","LAPDDIV","BEATCLAS","BEATNUMB","WEATHER2","STATEHW","CALTRANC","CALTRAND","STROUTE","ROUTESUF","POSTPRE","POSTMILE","LOCATYPE","RAMP","SIDEHW","TOWAWAY","PARTIES","PCF","VIOLCODE","VIOL","VIOLSUB","HITRUN","ROADSURF","RDCOND1","RDCOND2","LIGHTING","RIGHTWAY","CHPRDTYP","NOTPRIV","STFAULT","CHPFAULT","SEVINJ","OTHERINJ","COP","PEDKILL","PEDINJ","BICKILL","BICINJ","MCKILL","MCINJURE","RAMP1","RAMP2","CITY","COUNTY","STATE","X_CHP","Y_CHP"
"5036661",-121.669134918,39.271666245,2010,"5101","0","5","4","03",0,2,"A",,,"Y",,,1800,12,"B","E","A","DATE ST","SAMUEL ST",25,"E","N","2011-12-07",5100,"2010-12-24",1737,"2102","LOCA3","5","2","0","0",,"0","02A","-","N",,0,0,,,0,,,,"N",2,"A","-",22350,,"N","A","H","-","C","D","0","Y","C","02",0,0,2,0,0,0,0,0,2,"-","-","LIVE OAK","SUTTER","CA",0,0
"5036669",-121.643913208,39.125709246,2010,"5102","0","6","4","03",0,1,"C",,,,,"Y",2100,12,"B","C","A","WALTON AV","HAYNE AV",217,"S","N","2011-12-07",5102,"2010-12-04",1952,"2216","5100","5","4","0","0",,"0","007","-","N",,0,0,,,0,,,,"N",2,"A","-",22350,,"F","B","H","-","C","D","0","Y","A","07",0,0,1,0,0,0,0,0,0,"-","-","YUBA CITY","SUTTER","CA",0,0
"5036675",-121.618071205,39.14067047,2010,"5102","0","5","4","03",0,1,"C",,,,,,1500,11,"C","C","A","RT 20","PLUMAS ST",20,"W","N","2011-12-12",5102,"2010-11-19",1458,"4069","5102","5","4","0","0",,"0","004","-","Y","SUT",3,20,"-","-",16.51,"H","-","W","N",3,"A","-",22350,,"F","B","H","-","A","A","0","Y","D","22",0,0,1,0,0,0,0,0,0,"-","-","YUBA CITY","SUTTER","CA",0,0
"5038802",-121.74516,39.09867,2011,"5100","5","1","4","05",0,3,"E",,,,,,900,1,"A","C","A","BOGUE RD","CLEMENTS RD",0,,"Y","2012-03-16",9285,"2011-01-03",725,"16868",,"1","9","0","3",,"2","005","-","N",,0,0,,,0,,,,"Y",2,"A","-",21460,"A","N","B","H","-","B","D","0","Y","A","01",0,0,3,0,0,0,0,0,0,"-","-","UNINCORPORATED","SUTTER","CA",-121.74535,39.09884
"5042093",-121.718834497,38.8392912978,2011,"5100","3","4","4","09",0,2,"E",,,,,,900,1,"A","C","A","RT 113","KNIGHTS RD",528,"S","N","2012-08-09",9285,"2011-01-27",825,"017163",,"1","9","0","1",,"1","031","-","Y","SUT",3,113,"-","-",2.64,"H","-","N","Y",2,"A","-",21804,"A","N","B","H","-","A","D","0","Y","A","01",0,0,2,0,0,0,0,0,0,"-","-","UNINCORPORATED","SUTTER","CA",-121.71485,38.81116
"5042133",-121.60938249,39.0006872281,2011,"5100","4","3","3","08",0,1,"E",,,,,,900,1,"B","I","A","GARDEN HWY","RT 99",1056,"E","N","2012-03-24",9285,"2011-01-26",720,"016968",,"1","9","0","2",,"2","052","-","N",,0,0,,,0,,,,"Y",1,"A","-",22107,,"N","B","H","-","A","D","0","Y","A","01",0,1,0,0,0,0,0,0,0,"-","-","UNINCORPORATED","SUTTER","CA",-121.50111,39.90182
"5042141",-121.750113007,39.1646833895,2011,"5100","5","3","4","10",0,1,"B","Y",,,,,1500,1,"G","B","D","MAPLE ST","SUTTER AV",3,"N","N","2012-03-24",9285,"2011-01-26",1305,"018522",,"1","9","0","3",,"2","007","-","N",,0,0,,,0,,,,"N",2,"A","-",21950,"A","N","A","H","-","A","A","0","Y","A","07",0,0,1,0,1,0,0,0,0,"-","-","UNINCORPORATED","SUTTER","CA",0,0
"5042647",-121.643943904,39.132342614,2011,"5102","0","2","4","04",0,2,"A",,,,,,1500,1,"C","C","A","WALTON AV","BRIDGE ST",10,"N","N","2012-03-14",5102,"2011-01-25",1217,"4046","5102","5","4","0","0",,"0","002","-","N",,0,0,,,0,,,,"N",2,"A","-",21703,,"N","A","H","-","A","A","0","Y","A","01",0,0,2,0,0,0,0,0,0,"-","-","YUBA CITY","SUTTER","CA",0,0
"5042663",-121.628742571,39.1272451621,2011,"5102","0","3","4","04",0,2,"E",,,,,,1800,1,"C","C","A","FRANKLIN AV","BROWN AV",170,"W","N","2012-03-14",5102,"2011-01-26",1602,"4084","SUTTE","5","4","0","0",,"0","004","-","N",,0,0,,,0,,,,"Y",3,"A","-",21703,,"N","A","H","-","A","A","0","Y","D","22",0,0,2,0,0,0,0,0,0,"-","-","YUBA CITY","SUTTER","CA",0,0
"5042667",-121.62029,39.1336,2011,"5102","0","1","3","08",0,2,"A",,,,,,1500,1,"D","C","A","BRIDGE ST","HAWTHORNE ST",0,,"Y","2012-03-14",5102,"2011-01-31",1311,"4028","5102","5","4","0","0",,"0","004","-","N",,0,0,,,0,,,,"Y",2,"A","-",22102,,"N","A","H","-","A","D","0","Y","D","23",0,1,1,0,0,0,0,0,0,"-","-","YUBA CITY","SUTTER","CA",0,0
"5042671",-121.62132,39.13774,2011,"5102","0","2","4","09",0,1,"A",,,"Y",,,2100,1,"D","C","A","FORBES AV","OLIVE ST",0,,"Y","2012-03-14",5102,"2011-01-25",1933,"4071","5102","5","4","0","0",,"0","004","-","N",,0,0,,,0,,,,"N",2,"A","-",21802,"A","N","A","H","-","C","A","0","Y","C","02",0,0,1,0,0,0,0,0,1,"-","-","YUBA CITY","SUTTER","CA",0,0
"5042678",-121.622098257,39.112641237,2011,"5102","0","5","3","11",0,1,"A","Y",,,,,1800,1,"G","B","D","LINCOLN RD","RAILROAD AV",200,"E","N","2012-03-08",5102,"2011-01-21",1516,"4081","5102","5","4","0","0",,"0","005","-","N",,0,0,,,0,,,,"N",2,"A","-",21954,"A","N","A","H","-","A","D","0","Y","N","60",0,1,0,0,1,0,0,0,0,"-","-","YUBA CITY","SUTTER","CA",0,0
"5042714",-121.64399,39.14806,2011,"5102","0","2","3","08",0,1,"A",,"Y",,,,1200,1,"D","G","A","BUTTE HOUSE RD","STABLER LN",0,,"Y","2012-03-08",5102,"2011-01-25",921,"4046","5102","5","4","0","0",,"0","002","-","N",,0,0,,,0,,,,"N",2,"A","-",22107,,"N","A","H","-","A","A","0","Y","A","01",0,1,0,0,0,0,1,0,0,"-","-","YUBA CITY","SUTTER","CA",0,0
"5042718",-121.61745,39.11276,2011,"5102","0","1","3","08",0,1,"A",,,,,,1500,1,"E","I","A","GARDEN HWY","LINCOLN RD",0,,"Y","2012-03-08",5102,"2011-01-24",1210,"4034","5102","5","4","0","0",,"0","005","-","N",,0,0,,,0,,,,"N",1,"A","-",22107,,"N","A","H","-","A","A","0","Y","A","08",0,1,0,0,0,0,0,0,0,"-","-","YUBA CITY","SUTTER","CA",0,0
"5045216",-121.716907992,39.1666103471,2011,"5100","5","3","4","12",0,1,"E",,,,,,900,1,"A","C","A","BUTTE HOUSE RD","E BUTTE RD",33,"W","N","2012-03-22",9285,"2011-01-26",635,"017163",,"1","9","0","3",,"2","007","-","N",,0,0,,,0,,,,"Y",2,"A","-",22450,"A","N","B","H","-","D","A","0","Y","D","22",0,0,1,0,0,0,0,0,0,"-","-","UNINCORPORATED","SUTTER","CA",-121.71684,39.16684
"5045236",-121.634799016,39.0260979803,2011,"5100","3","1","4","09",0,2,"E",,,,,,900,1,"D","C","A","RT 99","OBANION RD",0,,"Y","2012-05-23",9285,"2011-01-03",644,"014401",,"1","9","0","1",,"1","051","-","Y","SUT",3,99,"-","-",22.6,"I","5","S","Y",3,"A","-",21802,"A","N","B","H","-","E","A","0","Y","A","01",0,0,2,0,0,0,0,0,0,"-","-","UNINCORPORATED","SUTTER","CA",-121.63481,39.02575
"5051784",-121.71492297,39.188104038,2010,"5100","5","7","3","-",0,2,"A",,,,,"Y",600,9,"E","I","A","E BUTTE RD","AHLF RD",483,"E","N","2011-09-21",9285,"2010-09-12",400,"17534",,"3","9","0","3",,"2","007","-","N",,0,0,,,0,,,,"Y",1,"A","-",0,,"N","A","H","-","D","D","0","Y","D","22",0,2,0,0,0,0,0,0,0,"-","-","UNINCORPORATED","SUTTER","CA",-121.71484,39.18829
"5055290",-121.615247776,39.1351158276,2011,"5102","0","4","4","09",0,1,"A",,,,,,1200,1,"D","C","A","PLUMAS ST","BRIDGE ST",80,"S","N","2012-03-15",5102,"2011-01-20",1116,"4046","5102","5","4","0","0",,"0","004","-","N",,0,0,,,0,,,,"N",2,"A","-",21804,"A","N","A","H","-","A","A","0","Y","D","22",0,0,1,0,0,0,0,0,0,"-","-","YUBA CITY","SUTTER","CA",0,0
"5055298",-121.624859102,39.1209054453,2011,"5102","0","6","4","18",0,1,"A",,,,,,1200,1,"E","I","A","BUNCE RD","HILLCREST AV",131,"S","N","2012-05-30",5102,"2011-01-15",1135,"4045","5102","5","4","0","0",,"0","005","-","N",,0,0,,,0,,,,"Y",1,"C","-",0,,"N","A","H","-","A","D","0","Y","-","-",0,0,1,0,0,0,0,0,0,"-","-","YUBA CITY","SUTTER","CA",0,0
"5055302",0,0,2011,"5102","0","5","4","09",0,1,"A",,,,,,900,1,"D","C","A","COLUSA FR","HOOPER RD",0,,"Y","2012-03-15",5102,"2011-01-14",810,"4079","5102","5","4","0","0",,"0","001","-","N",,0,0,,,0,,,,"Y",2,"A","-",21802,"A","N","A","H","-","A","D","0","Y","A","01",0,0,1,0,0,0,0,0,0,"-","-","YUBA CITY","SUTTER","CA",0,0
"5055306",-121.643353749,39.144692892,2011,"5102","0","1","3","09",0,2,"B",,,,,,900,1,"E","I","A","POOLE BL","STABLER LN",187,"E","N","2012-03-15",5102,"2011-01-10",811,"4049","5102","5","4","0","0",,"0","002","-","N",,0,0,,,0,,,,"N",1,"A","-",21802,"A","N","A","H","-","A","D","0","Y","A","07",0,2,0,0,0,0,0,0,0,"-","-","YUBA CITY","SUTTER","CA",0,0
"5055310",-121.65544,39.15129,2011,"5102","0","4","4","21",0,2,"B",,,,,,1500,1,"C","C","A","HARTER PKWY","BUTTE HOUSE RD",0,,"Y","2012-03-15",5102,"2011-01-13",1330,"4034","5102","5","4","0","0",,"0","002","-","N",,0,0,,,0,,,,"Y",2,"A","-",22106,,"N","A","H","-","A","A","0","Y","A","01",0,0,2,0,0,0,0,0,0,"-","-","YUBA CITY","SUTTER","CA",0,0
"5056351",-121.634409032,39.0980991211,2011,"5100","3","6","3","08",0,1,"A",,,,,,300,1,"E","I","A","BOGUE RD","RT 99",30,"E","N","2012-05-23",9285,"2011-01-15",134,"18561",,"3","9","0","1",,"1","051","-","Y","SUT",3,99,"-","-",27.65,"I","6","N","N",1,"A","-",22107,,"N","A","H","-","C","A","0","Y","A","07",0,1,0,0,0,0,0,0,0,"-","-","UNINCORPORATED","SUTTER","CA",-121.63395,39.09825
"5056398",-121.606475844,39.0791900718,2011,"5100","4","6","3","01",0,1,"A",,,,,"Y",2100,1,"E","I","A","GARDEN HWY","BARRY RD",792,"N","N","2012-04-02",9285,"2011-01-22",1922,"13966",,"2","9","0","2",,"2","052","-","N",,0,0,,,0,,,,"Y",1,"A","-",23152,"A","N","A","H","-","D","D","0","Y","A","01",0,1,0,0,0,0,0,0,0,"-","-","UNINCORPORATED","SUTTER","CA",-121.60684,39.07371
"5061226",-121.641152402,39.220243215,2011,"5100","3","7","4","05",0,2,"C",,,,,,1200,1,"D","C","A","RT 99","KENT AV",365,"S","N","2012-06-04",9285,"2011-01-02",1127,"014401",,"1","9","0","1",,"1","071","-","Y","SUT",3,99,"-","T",36.12,"H","-","N","Y",3,"A","-",21650,,"N","B","H","-","A","D","1","Y","A","01",0,0,2,0,0,0,0,0,0,"-","-","UNINCORPORATED","SUTTER","CA",-121.64096,39.2197
"5061230",-121.593993069,38.749409264,2011,"5100","5","6","3","01",0,2,"B",,,,,"Y",2400,1,"E","I","A","GARDEN HWY","RIEGO RD",26,"N","N","2012-03-13",9285,"2011-01-01",2303,"014744",,"3","9","0","3",,"2","001","C","N",,0,0,,,0,,,,"Y",1,"A","-",23152,"A","F","B","H","-","D","D","0","Y","A","01",0,2,0,0,0,0,0,0,0,"-","-","UNINCORPORATED","SUTTER","CA",-121.5941,38.75002
"5064563",-121.651,39.0982,2011,"5102","0","6","4","09",0,1,"A","Y",,,,,1200,1,"A","B","D","BOGUE RD","FALLS DR",0,,"Y","2012-07-06",5102,"2011-01-15",938,"5050","97","5","4","0","0",,"0","007","-","N",,0,0,,,0,,,,"N",2,"A","-",21802,"A","N","A","H","-","A","D","0","Y","B","01",0,0,1,0,1,0,0,0,0,"-","-","YUBA CITY","SUTTER","CA",0,0
"5064567",0,0,2011,"5102","0","7","4","09",0,1,"B",,,"Y",,,1800,1,"D","D","A","SOUTH WALTON AV","PEBBLE BEACH",0,,"Y","2012-04-11",5102,"2011-01-02",1736,"2193","97","5","4","0","0",,"0","007","-","N",,0,0,,,0,,,,"Y",2,"A","-",21801,"A","F","B","H","-","B","D","0","Y","-","-",0,0,1,0,0,0,0,0,1,"-","-","YUBA CITY","SUTTER","CA",0,0
"5076917",-121.629875613,39.1319134686,2011,"5102","0","7","3","08",0,1,"A",,,,,,1200,1,"E","I","A","GRAY AV","BRIDGE ST",150,"S","N","2012-03-17",5102,"2011-01-09",1039,"4065","5102","5","4","0","0",,"0","004","-","N",,0,0,,,0,,,,"Y",1,"A","-",22107,,"N","A","H","-","A","D","0","Y","A","07",0,1,0,0,0,0,0,0,0,"-","-","YUBA CITY","SUTTER","CA",0,0
"5081693",-121.634483207,39.1307647394,2011,"5102","0","5","4","03",0,1,"A",,,,,,1500,2,"C","C","A","RT 99","BRIDGE ST",600,"S","N","2012-05-23",5102,"2011-02-11",1209,"4079","5102","5","4","0","0",,"0","002","-","Y","SUT",3,99,"-","-",29.92,"H","-","N","Y",2,"A","-",22350,,"N","A","H","-","A","A","0","Y","A","01",0,0,1,0,0,0,0,0,0,"-","-","YUBA CITY","SUTTER","CA",0,0
"5081697",-121.62013,39.15507,2011,"5102","0","1","3","07",0,1,"C",,,,,,1500,2,"D","C","A","LIVE OAK BL","LOREL WY",0,,"Y","2012-04-04",5102,"2011-02-14",1437,"4034","5102","5","4","0","0",,"0","003","-","N",,0,0,,,0,,,,"Y",4,"A","-",21658,"A","N","B","H","-","A","D","0","Y","D","22",0,1,0,0,0,0,0,0,0,"-","-","YUBA CITY","SUTTER","CA",0,0
"5081701",-121.627085502,39.1272451597,2011,"5102","0","3","4","04",0,1,"B",,,,,,900,2,"C","C","A","FRANKLIN AV","BROWN AV",300,"E","N","2012-04-04",5102,"2011-02-16",758,"4028","5102","5","4","0","0",,"0","004","-","N",,0,0,,,0,,,,"Y",2,"A","-",21703,,"N","B","H","-","A","A","0","Y","D","22",0,0,1,0,0,0,0,0,0,"-","-","YUBA CITY","SUTTER","CA",0,0
"5081705",-121.634633986,39.1422430242,2011,"5102","0","1","4","03",0,5,"A",,,,,,2100,2,"C","C","A","RT 99","RT 20",168,"N","N","2012-05-24",5102,"2011-02-21",1913,"4060","5102","5","4","0","0",,"0","002","-","Y","SUT",3,99,"-","T",30.66,"H","-","S","N",4,"A","-",22350,,"N","A","H","-","C","A","0","Y","E","22",0,0,5,0,0,0,0,0,0,"-","-","YUBA CITY","SUTTER","CA",0,0
"5093280",-121.61949567,39.1316944469,2011,"5102","0","5","4","06",0,2,"B",,,,,,1500,2,"C","C","A","B ST","ROBINSON AV",10,"W","N","2012-07-06",5102,"2011-02-25",1418,"4046","5102","5","4","0","0",,"0","004","-","N",,0,0,,,0,,,,"N",2,"A","-",21750,,"N","A","H","-","A","A","0","Y","A","01",0,0,2,0,0,0,0,0,0,"-","-","YUBA CITY","SUTTER","CA",0,0
"5093324",-121.634520217,39.1284622246,2011,"5102","0","5","4","03",0,3,"B",,,,,,1800,2,"C","C","A","RT 99","FRANKLIN AV",500,"N","N","2012-05-23",5102,"2011-02-25",1530,"4046","5102","5","4","0","0",,"0","004","-","Y","SUT",3,99,"-","-",29.76,"H","-","N","Y",2,"A","-",22350,,"N","A","H","-","A","A","0","Y","A","01",0,0,3,0,0,0,0,0,0,"-","-","YUBA CITY","SUTTER","CA",0,0
"5093328",-121.64536349,39.141749808,2011,"5102","0","5","4","03",0,1,"B",,,,,,1200,2,"C","C","A","RT 20","THARP RD",900,"E","N","2012-05-07",5102,"2011-02-25",1033,"4079","5102","5","4","0","0",,"0","001","C","Y","SUT",3,20,"-","R",15.02,"H","-","W","Y",2,"A","-",22350,,"N","B","H","-","A","D","0","Y","A","01",0,0,1,0,0,0,0,0,0,"-","-","YUBA CITY","SUTTER","CA",0,0
"5093390",-121.647567454,39.1313240883,2011,"5102","0","1","4","18",0,1,"A",,,,,,1500,3,"A","E","A","WILLOWBROOK DR","BRIDGE ST",350,"S","N","2012-04-26",5102,"2011-03-07",1242,"4028","5102","5","4","0","0",,"0","002","-","N",,0,0,,,0,,,,"N",2,"C","-",0,,"M","A","H","-","A","D","0","Y","-","-",0,0,1,0,0,0,0,0,0,"-","-","YUBA CITY","SUTTER","CA",0,0
"5093414",-121.616287234,39.1409554745,2011,"5102","0","5","4","21",0,1,"A",,,,,,1200,2,"C","C","A","RT 20","SHASTA ST",0,,"Y","2012-08-09",5102,"2011-02-11",1154,"4079","5102","5","4","0","0",,"0","003","-","Y","SUT",3,20,"-","-",16.61,"H","-","E","N",2,"A","-",22106,,"N","A","H","-","A","A","0","Y","D","22",0,0,1,0,0,0,0,0,0,"-","-","YUBA CITY","SUTTER","CA",0,0
"5093418",-121.634543209,39.1405469923,2011,"5102","0","2","4","03",0,1,"A",,,,,,1800,2,"C","C","A","RT 99","RT 20",170,"S","N","2012-09-07",5102,"2011-02-22",1634,"4034","5102","5","4","0","0",,"0","004","-","Y","SUT",3,99,"-","-",30.6,"H","-","N","Y",3,"A","-",22350,,"N","A","H","-","A","A","0","Y","D","22",0,0,1,0,0,0,0,0,0,"-","-","YUBA CITY","SUTTER","CA",0,0
"5096858",-121.823122118,39.0327319605,2011,"5100","5","6","3","01",0,1,"A",,,,,"Y",2100,3,"E","I","A","GARMIRE RD","ACME RD",5280,"S","N","2012-04-26",9285,"2011-03-12",1900,"14744",,"2","9","0","3",,"2","003","-","N",,0,0,,,0,,,,"Y",1,"A","-",23152,"A","N","A","H","-","D","D","0","Y","D","22",0,1,0,0,0,0,0,0,0,"-","-","UNINCORPORATED","SUTTER","CA",-121.02297,39.03258
"5096866",-121.634657873,39.1114826039,2011,"5100","3","5","4","03",0,4,"A",,,,,,2100,3,"C","C","A","RT 99","LINCOLN RD",500,"S","N","2012-05-23",9285,"2011-03-11",1945,"17100",,"2","9","0","1",,"1","051","-","Y","SUT",3,99,"-","-",28.58,"H","-","N","Y",2,"A","-",22350,,"N","A","-","-","C","A","0","Y","A","01",0,0,4,0,0,0,0,0,0,"-","-","UNINCORPORATED","SUTTER","CA",-121.63455,39.11171
"5097790",-121.611116213,39.1415576013,2011,"5102","0","2","4","08",0,1,"C",,,,,,1800,3,"D","C","A","SUTTER ST","TEEGARDEN AV",550,"N","N","2012-04-13",5102,"2011-03-15",1532,"4028","5102","5","4","0","0",,"0","004","-","N",,0,0,,,0,,,,"N",2,"A","-",22107,,"N","B","H","-","A","D","0","Y","A","07",0,0,1,0,0,0,0,0,0,"-","-","YUBA CITY","SUTTER","CA",0,0
"5098962",-121.644027832,39.1323151582,2011,"5102","0","1","4","18",0,1,"A",,,,,,1500,3,"C","C","A","BRIDGE ST","WALTON AV",24,"W","N","2012-04-14",5102,"2011-03-07",1249,"4028","5102","5","4","0","0",,"0","002","-","N",,0,0,,,0,,,,"Y",3,"C","-",0,,"N","A","H","-","A","A","0","Y","-","-",0,0,1,0,0,0,0,0,0,"-","-","YUBA CITY","SUTTER","CA",0,0
"5098966",-121.63059908,39.1417335464,2011,"5102","0","5","4","03",0,1,"A",,,,,,1800,3,"C","C","A","RT 20","GRAY AV",50,"E","N","2012-05-07",5102,"2011-03-11",1616,"4042","5102","5","4","0","0",,"0","004","-","Y","SUT",3,20,"-","-",15.82,"H","-","W","Y",2,"A","-",22350,,"N","A","H","-","A","A","0","Y","A","07",0,0,1,0,0,0,0,0,0,"-","-","YUBA CITY","SUTTER","CA",0,0
"5098970",-121.65544,39.15129,2011,"5102","0","4","4","09",0,2,"A",,,,,,1500,3,"D","C","A","BUTTE HOUSE RD","HARTER PKWY",0,,"Y","2012-04-13",5102,"2011-03-03",1315,"4079","5102","5","4","0","0",,"0","001","-","N",,0,0,,,0,,,,"Y",2,"A","-",21802,"A","N","A","H","-","A","A","0","Y","A","01",0,0,2,0,0,0,0,0,0,"-","-","YUBA CITY","SUTTER","CA",0,0
"5098974",-121.62507,39.11267,2011,"5102","0","4","4","09",0,1,"A",,,,,"Y",1800,3,"D","C","A","LINCOLN RD","BUNCE RD",0,,"Y","2012-04-13",5102,"2011-03-03",1535,"4079","5102","5","4","0","0",,"0","005","-","N",,0,0,,,0,,,,"N",2,"A","-",21802,"A","N","A","H","-","A","A","0","Y","A","01",0,0,1,0,0,0,0,0,0,"-","-","YUBA CITY","SUTTER","CA",0,0
"5098990",-121.62990439,39.1327836795,2011,"5102","0","5","4","09",0,3,"B",,,,,,1800,3,"D","C","A","GRAY AV","BRIDGE ST",167,"N","N","2012-04-13",5102,"2011-03-04",1606,"4034","5102","5","4","0","0",,"0","004","-","N",,0,0,,,0,,,,"N",2,"A","-",21802,"A","N","A","H","-","A","A","0","Y","A","07",0,0,3,0,0,0,0,0,0,"-","-","YUBA CITY","SUTTER","CA",0,0
"5099009",-121.626167468,39.1416941418,2011,"5102","0","1","4","12",0,2,"B",,,,,,2100,3,"D","C","A","RT 20","CLARK AV",0,,"Y","2012-05-07",5102,"2011-03-07",1810,"4046","5102","5","4","0","0",,"0","003","-","Y","SUT",3,20,"-","-",16.06,"I","5","W","N",2,"A","-",21453,"A","N","A","H","-","B","A","0","Y","A","01",0,0,2,0,0,0,0,0,0,"-","-","YUBA CITY","SUTTER","CA",0,0
"5099033",-121.616133206,39.1410051609,2011,"5102","0","3","4","00",0,2,"B",,,,,,1500,3,"D","C","A","RT 20","SHASTA ST",0,,"Y","2012-08-17",5102,"2011-03-02",1216,"4081","5102","5","4","0","0",,"0","004","-","Y","SUT",3,20,"-","-",16.619,"I","5","E","Y",2,"D","-",0,,"N","A","H","-","A","A","0","Y","-","-",0,0,2,0,0,0,0,0,0,"-","-","YUBA CITY","SUTTER","CA",0,0
"5100744",-121.634455092,39.1316274731,2011,"5102","0","1","4","04",0,1,"A",,,,,,1800,2,"C","C","A","RT 99","BRIDGE ST",250,"S","N","2012-05-23",5102,"2011-02-07",1724,"4046","5102","5","4","0","0",,"0","003","-","Y","SUT",3,99,"-","-",29.98,"H","-","N","N",3,"A","-",21703,,"N","A","H","-","A","A","0","Y","A","01",0,0,1,0,0,0,0,0,0,"-","-","YUBA CITY","SUTTER","CA",0,0
"5100748",-121.623019052,39.1326532115,2011,"5102","0","3","4","04",0,1,"A",,,,,,1800,2,"C","C","A","BRIDGE ST","COOPER AV",100,"E","N","2012-04-23",5102,"2011-02-09",1713,"4052","5102","5","4","0","0",,"0","001","-","N",,0,0,,,0,,,,"N",2,"A","-",21703,,"N","A","H","-","A","A","0","Y","A","01",0,0,1,0,0,0,0,0,0,"-","-","YUBA CITY","SUTTER","CA",0,0
"5100756",-121.615358795,39.1353763396,2011,"5102","0","1","3","03",0,1,"A",,,,,,1500,2,"C","C","A","PLUMAS ST","BRIDGE ST",20,"N","N","2012-03-28",5102,"2011-02-07",1346,"4034","5102","5","4","0","0",,"0","004","-","N",,0,0,,,0,,,,"Y",2,"A","-",22350,,"N","A","H","-","A","A","0","Y","A","01",0,1,0,0,0,0,0,0,0,"-","-","YUBA CITY","SUTTER","CA",0,0
"5100760",-121.634463041,39.132202501,2011,"5102","0","2","4","03",0,1,"B",,,,,,1500,2,"C","C","A","RT 99","BRIDGE ST",40,"S","N","2012-05-23",5102,"2011-02-15",1208,"4046","5102","5","4","0","0",,"0","004","-","Y","SUT",3,99,"-","-",30.02,"H","-","N","N",2,"A","-",22350,,"N","A","H","-","A","A","0","Y","A","01",0,0,1,0,0,0,0,0,0,"-","-","YUBA CITY","SUTTER","CA",0,0
"5100764",-121.629943006,39.1343669228,2011,"5102","0","5","3","05",0,1,"A",,"Y",,,,2400,2,"G","G","A","GRAY AV","KIMBALL WY",3,"S","N","2012-05-23",5102,"2011-02-04",2134,"485","5102","5","4","0","0",,"0","002","-","N",,0,0,,,0,,,,"N",2,"A","-",21650,"1","N","A","H","-","C","D","0","Y","L","04",0,1,0,0,0,0,1,0,0,"-","-","YUBA CITY","SUTTER","CA",0,0
"5100788",-121.634510453,39.1289748304,2011,"5102","0","6","4","04",0,1,"A",,,,,,1200,2,"C","C","A","RT 99","FRANKLIN AV",500,"N","N","2012-05-23",5102,"2011-02-05",1102,"4082","5102","5","4","0","0",,"0","002","-","Y","SUT",3,99,"-","-",29.76,"H","-","S","Y",2,"A","-",21704,"A","N","A","H","-","A","D","0","Y","A","01",0,0,1,0,0,0,0,0,0,"-","-","YUBA CITY","SUTTER","CA",0,0
"5100888",-121.62333,39.13254,2011,"5102","0","3","4","12",0,2,"A",,,,,,900,2,"D","C","A","BRIDGE ST","COOPER AV",0,,"Y","2012-06-26",5102,"2011-02-09",806,"4028","5102","5","4","0","0",,"0","004","-","N",,0,0,,,0,,,,"Y",2,"A","-",21453,"A","N","A","H","-","A","A","0","Y","D","23",0,0,2,0,0,0,0,0,0,"-","-","YUBA CITY","SUTTER","CA",0,0
"5100927",-121.639202909,39.1416756921,2011,"5102","0","1","3","12",0,1,"B",,,,,,1200,2,"D","C","A","RT 20","CIVIC CENTER BL",0,,"Y","2012-05-07",5102,"2011-02-14",1026,"4046","5102","5","4","0","0",,"0","002","C","Y","SUT",3,20,"-","R",15.354,"I","5","E","Y",2,"A","-",21453,"A","N","B","H","-","A","A","0","Y","D","22",0,1,0,0,0,0,0,0,0,"-","-","YUBA CITY","SUTTER","CA",0,0
"5101927",-121.671728168,39.1096553344,2011,"5100","4","6","3","08",0,1,"B",,,,,,1500,2,"F","A","A","GEORGE WASHINGTON BL","LINCOLN AV",1056,"S","N","2012-04-09",9285,"2011-02-05",1243,"017100",,"1","9","0","2",,"2","052","-","N",,0,0,,,0,,,,"Y",1,"A","-",22107,,"N","A","H","-","A","D","0","Y","A","07",0,1,0,0,0,0,0,0,0,"-","-","UNINCORPORATED","SUTTER","CA",-121.67181,39.11042
"5101959",-121.722237149,39.1667158922,2011,"5100","4","4","4","01",0,1,"A",,,,,"Y",600,2,"E","I","A","BUTTE HOUSE RD","HUMPHREY RD",1056,"E","N","2012-04-09",9285,"2011-02-03",350,"018561",,"3","9","0","2",,"2","073","-","N",,0,0,,,0,,,,"Y",1,"A","-",23152,"A","N","A","H","-","D","D","0","Y","A","07",0,0,1,0,0,0,0,0,0,"-","-","UNINCORPORATED","SUTTER","CA",-121.72204,39.16659