"CASEID","POINT_X","POINT_Y","YEAR_","LOCATION","CHPTYPE","DAYWEEK","CRASHSEV","VIOLCAT","KILLED","INJURED","WEATHER1","PEDCOL","BICCOL","MCCOL","TRUCKCOL","ETOH","TIMECAT","MONTH_","CRASHTYP","INVOLVE","PED","PRIMARYRD","SECONDRD","DISTANCE","DIRECT","INTERSECT_","PROCDATE","JURIS","DATE_","TIME_","BADGE","JURIDIST","SHIFT","POP","SPECIAL","BEATTYPE","LAPDDIV","BEATCLAS","BEATNUMB","WEATHER2","STATEHW","CALTRANC","CALTRAND","STROUTE","ROUTESUF","POSTPRE","POSTMILE","LOCATYPE","RAMP","SIDEHW","TOWAWAY","PARTIES","PCF","VIOLCODE","VIOL","VIOLSUB","HITRUN","ROADSURF","RDCOND1","RDCOND2","LIGHTING","RIGHTWAY","CHPRDTYP","NOTPRIV","STFAULT","CHPFAULT","SEVINJ","OTHERINJ","COP","PEDKILL","PEDINJ","BICKILL","BICINJ","MCKILL","MCINJURE","RAMP1","RAMP2","CITY","COUNTY","STATE","X_CHP","Y_CHP"
"5311661",-121.62832,39.12999,2011,"5102","0","4","3","05",0,1,"A",,"Y",,,,900,9,"D","G","A","B ST","BROWN AV",0,,"Y","2012-12-11",5102,"2011-09-01",825,"4034","5102","5","4","0","0",,"0","004","-","N",,0,0,,,0,,,,"N",2,"A","-",21650,"1","F","A","H","-","A","A","0","Y","L","04",0,1,0,0,0,0,1,0,0,"-","-","YUBA CITY","SUTTER","CA",0,0
"5315049",-121.753839423,39.1520953909,2011,"5100","5","3","4","03",0,2,"A",,,,,,2100,9,"C","C","A","ACACIA ST","MARSHALL ST",1056,"S","N","2012-12-11",9285,"2011-09-21",1820,"017163",,"2","9","0","3",,"2","007","-","N",,0,0,,,0,,,,"Y",2,"A","-",22350,,"N","A","G","-","A","D","0","Y","D","22",0,0,2,0,0,0,0,0,0,"-","-","UNINCORPORATED","SUTTER","CA",-121.7539,39.15256
"5315053",-121.524752234,38.9119651123,2011,"5100","3","4","3","03",0,1,"A",,,,,,900,9,"E","I","A","PACIFIC AV","NICOLAUS AV",528,"N","N","2012-12-11",9285,"2011-09-15",804,"017100",,"1","9","0","1",,"1","010","-","N",,0,0,,,0,,,,"N",1,"A","-",22350,,"N","A","H","-","A","D","0","Y","D","22",0,1,0,0,0,0,0,0,0,"-","-","UNINCORPORATED","SUTTER","CA",-121.52474,38.91067
"5315081",-121.67192164,39.0249026504,2011,"5100","4","6","4","09",0,1,"A",,,,,,2100,8,"E","I","A","GEORGE WASHINGTON BL","OBANION RD",132,"S","N","2012-12-07",9285,"2011-08-20",1830,"18561",,"2","9","0","2",,"2","052","-","N",,0,0,,,0,,,,"N",2,"A","-",21802,"A","M","A","H","-","B","A","0","Y","D","23",0,0,1,0,0,0,0,0,0,"-","-","UNINCORPORATED","SUTTER","CA",-121.67188,39.0254
"5318723",-121.67191,39.02526,2011,"5100","4","3","4","12",0,1,"A",,,,,,600,8,"D","C","A","S GEORGE WASHINGTON BL","OBANION RD",0,,"Y","2012-12-10",9285,"2011-08-24",525,"13174",,"3","9","0","2",,"2","052","-","N",,0,0,,,0,,,,"Y",2,"A","-",22450,"A","N","A","H","-","D","A","0","Y","A","01",0,0,1,0,0,0,0,0,0,"-","-","UNINCORPORATED","SUTTER","CA",-121.67198,39.02528
"5318727",-121.543803159,38.8598149843,2011,"5100","3","1","4","09",0,2,"A",,,,,,1500,8,"D","C","A","RT 70","STRIPLIN RD",0,,"Y","2013-02-07",9285,"2011-08-22",1450,"13174",,"2","9","0","1",,"1","010","-","Y","SUT",3,70,"-","-",0.995,"I","5","W","Y",2,"A","-",21802,"A","N","A","H","-","A","A","0","Y","A","07",0,0,2,0,0,0,0,0,0,"-","-","UNINCORPORATED","SUTTER","CA",-121.54353,38.86664
"5318743",-121.689113249,39.1280661317,2011,"5100","5","1","4","03",0,1,"A",,,,,,900,8,"C","C","A","TOWNSHIP RD","FRANKLIN RD",390,"N","N","2012-12-10",9285,"2011-08-29",821,"13174",,"1","9","0","3",,"2","007","-","N",,0,0,,,0,,,,"Y",2,"A","-",22350,,"N","A","H","-","A","D","0","Y","A","07",0,0,1,0,0,0,0,0,0,"-","-","UNINCORPORATED","SUTTER","CA",-121.689,39.12827
"5325148",-121.604970973,39.1320167727,2011,"5102","0","3","4","03",0,3,"A",,,,,,1800,9,"C","C","A","GARDEN HWY","2ND ST",300,"S","N","2012-12-18",5102,"2011-09-14",1719,"4052","5102","5","4","0","0",,"0","005","-","N",,0,0,,,0,,,,"Y",3,"A","-",22350,,"N","A","H","-","A","A","0","Y","D","22",0,0,3,0,0,0,0,0,0,"-","-","YUBA CITY","SUTTER","CA",0,0
"5325164",-121.634554014,39.1364453158,2011,"5102","0","4","4","04",0,1,"A",,,,,,900,9,"C","C","A","RT 99","SUNSWEET BL",0,"N","N","2013-03-20",5102,"2011-09-08",751,"4062",,"5","4","0","0",,"0","002","-","Y","SUT",3,99,"-","-",30.26,"H","-","S","N",2,"A","-",21703,,"N","A","H","-","A","D","0","Y","D","22",0,0,1,0,0,0,0,0,0,"-","-","YUBA CITY","SUTTER","CA",0,0
"5325168",0,0,2011,"5102","0","5","3","12",0,2,"A",,,,,,1200,9,"A","C","A","FRANKLIN AV","WINCO FOODS ENT",0,,"Y","2012-12-11",5102,"2011-09-09",1050,"4081","5102","5","4","0","0",,"0","002","-","N",,0,0,,,0,,,,"N",2,"A","-",21453,"A","N","A","H","-","A","A","0","Y","D","22",0,2,0,0,0,0,0,0,0,"-","-","YUBA CITY","SUTTER","CA",0,0
"5325172",-121.613981534,39.135786914,2011,"5102","0","1","4","03",0,1,"A",,,,,,1200,9,"C","C","A","BRIDGE ST","SHASTA ST",80,"W","N","2012-12-11",5102,"2011-09-12",1114,"4028","5102","5","4","0","0",,"0","004","-","N",,0,0,,,0,,,,"N",3,"A","-",22350,,"N","A","H","-","A","A","0","Y","D","23",0,0,1,0,0,0,0,0,0,"-","-","YUBA CITY","SUTTER","CA",0,0
"5325188",-121.61449,39.12456,2011,"5102","0","4","4","05",0,1,"A",,"Y",,,,900,9,"D","G","A","PERCY AV","WILSON AV",0,,"Y","2012-12-18",5102,"2011-09-22",734,"4049","5102","5","4","0","0",,"0","005","-","N",,0,0,,,0,,,,"N",2,"A","-",21650,"1","F","A","H","-","A","D","0","Y","L","04",0,0,1,0,0,0,1,0,0,"-","-","YUBA CITY","SUTTER","CA",0,0
"5326122",-121.634486792,39.1418034523,2011,"5102","0","1","3","08",0,1,"B",,,,"Y",,1500,10,"F","A","A","RT 99","RT 20",0,,"Y","2013-05-13",5102,"2011-10-03",1254,"4034","5102","5","4","0","0",,"0","002","-","Y","SUT",3,99,"-","T",30.63,"H","-","N","Y",1,"A","-",22107,,"N","A","H","-","A","A","0","Y","F","27",0,1,0,0,0,0,0,0,0,"-","-","YUBA CITY","SUTTER","CA",0,0
"5326126",0,0,2011,"5102","0","6","4","09",0,1,"B",,,,"Y",,900,10,"D","C","A","SUTTER ST","S COLUSA FR RD",0,,"Y","2013-05-10",5102,"2011-10-01",818,"4011","5102","5","4","0","0",,"0","003","-","N",,0,0,,,0,,,,"N",2,"A","-",21801,"A","N","A","H","-","A","A","0","Y","F","26",0,0,1,0,0,0,0,0,0,"-","-","YUBA CITY","SUTTER","CA",0,0
"5326130",-121.634551903,39.1363744739,2011,"5102","0","5","4","04",0,1,"A",,,,,,2100,9,"C","C","A","RT 99","SUNSWEET BL",1152,"N","N","2013-04-03",5102,"2011-09-30",1821,"4050","5102","5","4","0","0",,"0","002","-","Y","SUT",3,99,"-","-",30.31,"H","-","N","Y",5,"A","-",21703,,"N","A","H","-","A","D","0","Y","D","22",0,0,1,0,0,0,0,0,0,"-","-","YUBA CITY","SUTTER","CA",0,0
"5326134",-121.634510453,39.1289748304,2011,"5102","0","4","4","03",0,2,"A",,,,,,1200,9,"C","C","A","RT 99","FRANKLIN AV",450,"N","N","2013-04-03",5102,"2011-09-29",1139,"4034","5102","5","4","0","0",,"0","002","-","Y","SUT",3,99,"-","-",29.76,"H","-","S","N",4,"A","-",22350,,"N","A","H","-","A","A","0","Y","D","22",0,0,2,0,0,0,0,0,0,"-","-","YUBA CITY","SUTTER","CA",0,0
"5327087",-121.754283484,39.1422037841,2011,"5100","5","7","4","09",0,3,"A",,,,,,2100,9,"D","C","A","RT 20","ACACIA AV",0,,"Y","2013-04-03",9285,"2011-09-25",2010,"016968",,"2","9","0","3",,"2","007","-","Y","SUT",3,20,"-","-",9.176,"I","5","E","Y",2,"A","-",21802,"A","N","A","H","-","C","D","0","Y","D","22",0,0,3,0,0,0,0,0,0,"-","-","UNINCORPORATED","SUTTER","CA",-121.75387,39.14222
"5327099",-121.606271944,38.9170226792,2011,"5100","3","6","4","01",0,2,"A",,,,,"Y",2400,10,"C","C","A","RT 99","SACRAMENTO AV",215,"N","N","2013-04-17",9285,"2011-10-08",2155,"16343",,"2","9","0","1",,"1","011","-","Y","SUT",3,99,"-","-",13.71,"H","-","S","Y",3,"A","-",23152,"A","N","A","D","-","D","A","0","Y","-","-",0,0,2,0,0,0,0,0,0,"-","-","UNINCORPORATED","SUTTER","CA",-121.60585,38.91642
"5327488",-121.624076037,39.1414958643,2011,"5102","0","4","4","04",0,4,"B",,,,,,1500,10,"C","C","A","RT 20","COOPER AV",25,"E","N","2013-05-15",5102,"2011-10-06",1405,"4011","5102","5","4","0","0",,"0","004","-","Y","SUT",3,20,"-","-",16.17,"H","-","E","Y",4,"A","-",21703,,"N","A","H","-","A","A","0","Y","A","01",0,0,4,0,0,0,0,0,0,"-","-","YUBA CITY","SUTTER","CA",0,0
"5327500",-121.64393,39.1379,2011,"5102","0","2","4","09",0,2,"B",,,,,,1800,10,"A","C","A","WALTON AV","LASSEN BL",0,,"Y","2013-01-09",5102,"2011-10-04",1551,"4083","5102","5","4","0","0",,"0",,"-","N",,0,0,,,0,,,,"Y",2,"A","-",21801,"A","N","A","H","-","A","D","0","Y","-","-",0,0,2,0,0,0,0,0,0,"-","-","YUBA CITY","SUTTER","CA",0,0
"5327504",-121.641037561,39.1323206103,2011,"5102","0","3","4","09",0,1,"C",,,,,,2100,10,"B","C","A","BRIDGE ST","JOAN WY",75,"W","N","2013-01-09",5102,"2011-10-05",1941,"4060","5102","5","4","0","0",,"0","002","-","N",,0,0,,,0,,,,"Y",2,"A","-",21804,"A","N","B","H","-","C","D","0","Y","-","-",0,0,1,0,0,0,0,0,0,"-","-","YUBA CITY","SUTTER","CA",0,0
"5327962",-121.622967987,39.1414479891,2011,"5102","0","2","4","09",0,2,"A",,,,,,1800,9,"D","C","A","RT 20","ORANGE ST",0,,"Y","2013-03-20",5102,"2011-09-27",1502,"4034","5102","5","4","0","0",,"0","004","-","Y","SUT",3,20,"-","-",16.23,"I","5","E","Y",2,"A","-",21801,"A","N","A","H","-","A","A","0","Y","A","01",0,0,2,0,0,0,0,0,0,"-","-","YUBA CITY","SUTTER","CA",0,0
"5328714",-121.763348065,39.1422642729,2011,"5100","3","5","4","03",0,1,"A",,,,,,1500,9,"C","C","A","RT 20","ACACIA AV",2376,,"N","2013-04-08",9285,"2011-09-23",1210,"15873",,"1","9","0","1",,"2","072","-","Y","SUT",3,20,"-","-",8.69,"H","-","E","N",2,"A","-",22350,,"N","A","D","-","A","D","0","Y","A","01",0,0,1,0,0,0,0,0,0,"-","-","UNINCORPORATED","SUTTER","CA",-121.75399,39.14227
"5329604",-121.605279202,38.973896895,2011,"5100","3","2","4","03",0,1,"A",,,"Y",,,2400,9,"C","C","A","RT 99","WILSON RD",10,"S","N","2013-04-03",9285,"2011-09-06",2145,"18340",,"2","9","0","1",,"1","011","-","Y","SUT",3,99,"-","-",17.7,"H","-","N","Y",2,"A","-",22350,,"N","A","H","-","C","A","0","Y","A","01",0,0,1,0,0,0,0,0,1,"-","-","UNINCORPORATED","SUTTER","CA",-121.60997,38.9748
"5329620",-121.60687603,39.0741331479,2011,"5100","4","2","4","08",0,1,"A",,,,,,2100,9,"D","I","A","GARDEN HWY","BARRY RD",1056,"S","N","2012-12-18",9285,"2011-09-06",2050,"16968",,"2","9","0","2",,"2","052","-","N",,0,0,,,0,,,,"Y",1,"A","-",22107,,"N","A","H","-","D","D","0","Y","A","01",0,0,1,0,0,0,0,0,0,"-","-","UNINCORPORATED","SUTTER","CA",-121.60646,39.07635
"5329632",-121.543572141,38.7925816809,2011,"5100","3","6","3","03",0,3,"A",,,,,,600,9,"C","C","A","RT 99","SANKEY RD",5000,"N","N","2013-04-03",9285,"2011-09-10",545,"13174",,"3","9","0","1",,"1","011","-","Y","SUT",3,99,"-","-",3.98,"H","-","N","Y",2,"A","-",22350,,"N","A","H","-","D","D","5","Y","A","01",0,1,2,0,0,0,0,0,0,"-","-","UNINCORPORATED","SUTTER","CA",-121.54349,38.79366
"5329648",-121.451830077,38.933367583,2011,"5100","5","5","4","03",0,1,"B",,,,,,2100,9,"F","A","A","BREWER RD","HICKS RD",360,"S","N","2012-12-18",9285,"2011-09-09",1945,"17163",,"2","9","0","3",,"2","001","-","N",,0,0,,,0,,,,"Y",1,"A","-",22350,,"N","A","H","-","D","D","0","Y","A","01",0,0,1,0,0,0,0,0,0,"-","-","UNINCORPORATED","SUTTER","CA",-121.45182,38.93297
"5329656",-121.634586884,39.0432744841,2011,"5100","3","6","3","08",0,1,"A",,,,,,900,9,"E","I","A","RT 99","HUTCHINSON RD",1056,"N","N","2013-04-03",9285,"2011-09-03",823,"15849",,"1","9","0","1",,"1","051","-","Y","SUT",3,99,"-","-",23.8,"H","-","S","Y",1,"A","-",22107,,"N","A","H","-","A","D","0","Y","A","01",0,1,0,0,0,0,0,0,0,"-","-","UNINCORPORATED","SUTTER","CA",-121.63458,39.0412
"5329720",-121.916919663,39.1376609777,2011,"5100","5","7","2","05",0,1,"A",,,"Y",,,2100,9,"E","I","A","MERIDIAN RD","KILGORE RD",600,"N","N","2012-12-10",9285,"2011-09-04",1930,"15873",,"2","9","0","3",,"2","007","-","N",,0,0,,,0,,,,"Y",1,"A","-",21650,,"N","A","H","-","B","D","0","Y","C","06",1,0,0,0,0,0,0,0,1,"-","-","UNINCORPORATED","SUTTER","CA",-121.91708,39.13787
"5329729",-121.634635088,39.1124897634,2011,"5100","3","3","4","08",0,1,"A",,,,,,2400,8,"B","C","A","RT 99","LINCOLN RD",90,"S","N","2013-02-07",9285,"2011-08-31",2200,"18658",,"3","9","0","1",,"1","051","-","Y","SUT",3,99,"-","-",28.65,"H","-","N","Y",2,"A","-",22107,,"N","A","H","-","C","D","0","Y","A","01",0,0,1,0,0,0,0,0,0,"-","-","UNINCORPORATED","SUTTER","CA",-121.6348,39.1124
"5333552",-121.672135634,38.9736951284,2011,"5100","3","4","3","08",0,1,"A",,,,,,600,9,"H","A","A","RT 113","EVERGLADE RD",2851,"S","N","2013-04-03",9285,"2011-09-15",508,"17889",,"3","9","0","1",,"1","031","-","Y","SUT",3,113,"-","-",12.27,"H","-","N","Y",1,"A","-",22107,,"N","A","H","-","D","D","0","Y","A","01",0,1,0,0,0,0,0,0,0,"-","-","UNINCORPORATED","SUTTER","CA",-121.67197,38.97353
"5335532",-121.671763045,39.1125414239,2011,"5100","4","4","4","03",0,1,"B",,,,,,1500,10,"C","C","A","GEORGE WASHINGTON BL","LINCOLN RD",5,"S","N","2013-04-16",9285,"2011-10-06",1242,"13174",,"1","9","0","2",,"2","052","C","N",,0,0,,,0,,,,"Y",2,"A","-",22350,,"N","B","H","-","A","A","0","Y","A","01",0,0,1,0,0,0,0,0,0,"-","-","UNINCORPORATED","SUTTER","CA",-121.67169,39.11246
"5335568",-121.54330204,38.8900163303,2011,"5100","3","3","4","08",0,1,"A",,,,,,1200,10,"F","A","A","RT 70","MARCUM RD",1056,"S","N","2013-05-13",9285,"2011-10-12",1030,"015048",,"1","9","0","1",,"1","010","-","Y","SUT",3,70,"-","-",2.8,"H","-","W","Y",1,"A","-",22107,,"N","A","H","-","A","D","0","Y","D","22",0,0,1,0,0,0,0,0,0,"-","-","UNINCORPORATED","SUTTER","CA",-121.64495,39.14551
"5335580",-121.557938906,38.8701594942,2011,"5100","3","5","4","08",0,1,"E",,,,,"Y",600,10,"A","C","A","RT 99","STRIPLIN RD",1056,"N","N","2013-05-13",9285,"2011-10-07",330,"018632",,"3","9","0","1",,"1","011","-","Y","SUT",3,99,"-","-",9.44,"H","-","N","Y",2,"A","-",22107,,"N","A","H","-","C","D","0","Y","A","01",0,0,1,0,0,0,0,0,0,"-","-","UNINCORPORATED","SUTTER","CA",-121.55697,38.8688
"5336633",0,0,2011,"5100","5","6","3","08",0,2,"A",,,,,,1800,8,"F","A","A","E LEVEE RD","SUTTER CO LINE",544,"N","N","2012-05-31",9285,"2011-08-13",1730,"15944",,"2","9","0","3",,"2","001","-","N",,0,0,,,0,,,,"N",1,"A","-",22107,,"N","A","H","-","A","D","0","Y","A","07",0,2,0,0,0,0,0,0,0,"-","-","UNINCORPORATED","SUTTER","CA",0,0
"5339565",-121.65544,39.15129,2011,"5102","0","6","4","12",0,2,"A",,,,,"Y",900,10,"D","C","A","BUTTE HOUSE RD","HARTER RD",0,,"Y","2012-12-23",5102,"2011-10-22",755,"4049","5102","5","4","0","0",,"0","001","-","N",,0,0,,,0,,,,"N",2,"A","-",21453,"A","N","A","H","-","A","A","0","Y","A","01",0,0,2,0,0,0,0,0,0,"-","-","YUBA CITY","SUTTER","CA",0,0
"5339569",-121.608978949,39.1389374142,2011,"5102","0","6","4","04",0,1,"A",,,,,,1200,10,"C","C","A","SUTTER ST","AYLOR AV",300,"S","N","2013-02-25",5102,"2011-10-29",929,"4011","5102","5","4","0","0",,"0","004","-","N",,0,0,,,0,,,,"N",2,"A","-",21703,,"N","A","H","-","A","A","0","Y","D","22",0,0,1,0,0,0,0,0,0,"-","-","YUBA CITY","SUTTER","CA",0,0
"5339585",-121.644286452,39.1416451587,2011,"5102","0","1","4","04",0,4,"A",,,,,,1800,10,"C","C","A","RT 20","WALTON AV",0,"W","N","2013-05-15",5102,"2011-10-31",1547,"4067","5102","5","4","0","0",,"0","002","-","Y","SUT",3,20,"-","R",15.08,"H","-","E","N",2,"A","-",21703,,"N","A","H","-","A","A","0","Y","D","22",0,0,4,0,0,0,0,0,0,"-","-","YUBA CITY","SUTTER","CA",0,0
"5339593",-121.661440859,39.1414766013,2011,"5102","0","6","3","01",0,1,"A",,,,"Y","Y",600,10,"C","E","A","RT 20","EL MARGARITA RD",260,"E","N","2013-05-15",5102,"2011-10-29",339,"4028","5102","5","4","0","0",,"0","001","-","Y","SUT",3,20,"-","-",14.15,"H","-","W","Y",2,"A","-",23152,"B","N","A","D","-","C","A","0","Y","A","07",0,1,0,0,0,0,0,0,0,"-","-","YUBA CITY","SUTTER","CA",0,0
"5339743",-121.658831236,39.152227197,2011,"5102","0","4","4","04",0,1,"A",,,,,,900,10,"C","C","A","BUTTE HOUSE RD","ORO GRANDE ST",120,"W","N","2013-01-04",5102,"2011-10-27",801,"4028","5102","5","4","0","0",,"0","001","-","N",,0,0,,,0,,,,"Y",3,"A","-",21703,,"N","A","H","-","A","A","0","Y","A","01",0,0,1,0,0,0,0,0,0,"-","-","YUBA CITY","SUTTER","CA",0,0
"5342040",-121.897564006,39.1436612832,2011,"5100","3","2","4","08",0,1,"A",,,,,,600,8,"E","I","A","RT 20","WOOD RD",173,"W","N","2013-03-19",9285,"2011-08-23",518,"018340",,"3","9","0","1",,"2","072","-","Y","SUT",3,20,"-","R",1.11,"H","-","E","Y",1,"A","-",22107,,"N","A","H","-","D","D","0","Y","A","01",0,0,1,0,0,0,0,0,0,"-","-","UNINCORPORATED","SUTTER","CA",-121.89815,39.14323
"5346978",-121.634405134,39.0982369315,2011,"5100","3","1","4","12",0,1,"B",,,,,,900,10,"D","C","A","RT 99","BOGUE RD",0,,"Y","2013-04-17",9285,"2011-10-10",620,"11077",,"1","9","0","1",,"1","051","-","Y","SUT",3,99,"-","-",27.65,"I","5","S","Y",2,"A","-",21453,"A","N","A","H","-","C","A","0","Y","A","01",0,0,1,0,0,0,0,0,0,"-","-","UNINCORPORATED","SUTTER","CA",-121.63491,39.09844
"5347788",-121.714919776,39.2109348433,2011,"5100","5","4","3","03",0,1,"B",,,,,,1500,10,"F","A","A","E BUTTE RD","SANDERS RD",3168,"N","N","2013-01-03",9285,"2011-10-06",1350,"17889",,"1","9","0","3",,"2","007","-","N",,0,0,,,0,,,,"Y",1,"A","-",22350,,"N","B","H","-","A","A","0","Y","A","01",0,1,0,0,0,0,0,0,0,"-","-","UNINCORPORATED","SUTTER","CA",-121.71495,39.21253
"5347792",-121.689117261,39.1276349949,2011,"5100","5","4","4","05",0,2,"A",,,,,"Y",1800,10,"A","C","A","TOWNSHIP RD","FRANKLIN RD",233,"N","N","2013-01-03",9285,"2011-10-06",1735,"17889",,"2","9","0","3",,"2","005","-","N",,0,0,,,0,,,,"Y",2,"A","-",21460,"A","N","-","A","H","A","D","0","Y","A","01",0,0,2,0,0,0,0,0,0,"-","-","UNINCORPORATED","SUTTER","CA",-121.68914,39.12769
"5347963",0,0,2011,"5102","0","2","3","09",0,1,"A",,"Y",,,,900,8,"D","G","A","HARTER RD","SPIRIT WY",0,,"Y","2012-12-07",5102,"2011-08-23",840,"4016","SUTTE","5","4","0","0",,"0","001","-","N",,0,0,,,0,,,,"N",2,"A","-",21802,"B","F","A","H","-","A","D","0","Y","L","04",0,1,0,0,0,0,1,0,0,"-","-","YUBA CITY","SUTTER","CA",0,0
"5347967",-121.630729512,39.1416241323,2011,"5102","0","4","4","01",0,1,"A",,,,,,900,8,"C","C","A","GRAY AV","RT 20",35,"S","N","2013-03-19",5102,"2011-08-25",856,"448","5102","5","4","0","0",,"0","004","-","Y","SUT",3,20,"-","-",15.81,"I","6","E","Y",2,"A","-",23152,"A","N","A","H","-","A","A","0","Y","A","01",0,0,1,0,0,0,0,0,0,"-","-","YUBA CITY","SUTTER","CA",0,0
"5347971",-121.624136964,39.141610028,2011,"5102","0","1","4","07",0,1,"A",,,,,,1500,8,"C","C","A","RT 20","COOPER AV",75,"E","N","2013-03-20",5102,"2011-08-29",1202,"4034","5102","5","4","0","0",,"0","003","-","Y","SUT",3,20,"-","-",16.17,"H","-","W","N",2,"A","-",21658,"A","N","A","H","-","A","A","0","Y","A","01",0,0,1,0,0,0,0,0,0,"-","-","YUBA CITY","SUTTER","CA",0,0
"5347975",-121.624136964,39.141610028,2011,"5102","0","1","4","03",0,1,"A",,,,,,1800,8,"C","C","A","RT 20","COOPER AV",35,"E","N","2013-03-20",5102,"2011-08-29",1715,"447","5102","5","4","0","0",,"0","003","-","Y","SUT",3,20,"-","-",16.17,"H","-","W","Y",3,"A","-",22350,,"N","A","H","-","A","A","0","Y","A","01",0,0,1,0,0,0,0,0,0,"-","-","YUBA CITY","SUTTER","CA",0,0
"5347979",-121.62013,39.15507,2011,"5102","0","2","4","08",0,1,"A",,,,,,2100,8,"A","I","A","LIVE OAK BL","LOREL WY",0,,"Y","2012-12-07",5102,"2011-08-30",2007,"4052","5102","5","4","0","0",,"0","001","-","N",,0,0,,,0,,,,"Y",1,"A","-",22107,,"N","A","H","-","C","D","0","Y","A","07",0,0,1,0,0,0,0,0,0,"-","-","YUBA CITY","SUTTER","CA",0,0
"5348662",0,0,2011,"5102","0","5","4","09",0,2,"A",,,,,,1800,9,"D","C","A","GRAY AV","SANTA BARBARA WY",0,,"Y","2012-12-26",5102,"2011-09-02",1627,"4081","5102","5","4","0","0",,"0","003","-","N",,0,0,,,0,,,,"Y",3,"A","-",21802,,"N","A","H","-","A","A","0","Y","A","01",0,0,2,0,0,0,0,0,0,"-","-","YUBA CITY","SUTTER","CA",0,0
"5348666",-121.630414306,39.1417290665,2011,"5102","0","6","3","08",0,1,"A",,"Y",,,,2100,9,"B","G","A","RT 20","GRAY AV",100,"E","N","2013-03-20",5102,"2011-09-03",1800,"4056","5102","5","4","0","0",,"0","003","-","Y","SUT",3,20,"-","-",15.83,"H","-","W","N",2,"A","-",22107,,"F","A","H","-","A","A","0","Y","D","22",0,1,0,0,0,0,1,0,0,"-","-","YUBA CITY","SUTTER","CA",0,0
"5350272",-121.624998064,39.1292211278,2011,"5102","0","3","4","03",0,1,"A",,,,,,1500,9,"C","C","A","CLARK AV","B ST",250,"S","N","2012-12-15",5102,"2011-09-28",1345,"4081","5102","5","4","0","0",,"0","004","-","N",,0,0,,,0,,,,"N",2,"A","-",22350,,"N","A","H","-","A","A","0","Y","A","01",0,0,1,0,0,0,0,0,0,"-","-","YUBA CITY","SUTTER","CA",0,0
"5350594",-121.61622,39.12676,2011,"5102","0","1","4","09",0,1,"B",,,,,,1800,10,"D","C","A","MAIN ST","MORTON ST",0,,"Y","2012-12-19",5102,"2011-10-10",1738,"4034","5102","5","4","0","0",,"0","005","-","N",,0,0,,,0,,,,"N",2,"A","-",21800,"A","N","B","H","-","A","A","0","Y","A","07",0,0,1,0,0,0,0,0,0,"-","-","YUBA CITY","SUTTER","CA",0,0
"5350602",-121.639830538,39.1418401608,2011,"5102","0","7","4","04",0,1,"A",,,,,,1500,10,"C","C","A","RT 20","CIVIC CENTER BL",150,"W","N","2013-05-15",5102,"2011-10-09",1316,"4065","5102","5","4","0","0",,"0","002","-","Y","SUT",3,20,"-","R",15.32,"H","-","W","N",2,"A","-",21703,,"N","A","H","-","A","D","0","Y","A","01",0,0,1,0,0,0,0,0,0,"-","-","YUBA CITY","SUTTER","CA",0,0
"5350606",0,0,2011,"5102","0","1","4","03",0,1,"C",,,,,,1500,10,"E","I","A","5TH ST BRIDGE","SUTTER ST",75,"W","N","2012-12-19",5102,"2011-10-10",1418,"4034","5102","5","4","0","0",,"0","004","-","N",,0,0,,,0,,,,"Y",1,"A","-",22350,,"N","B","H","-","A","-","0","Y","A","01",0,0,1,0,0,0,0,0,0,"-","-","YUBA CITY","SUTTER","CA",0,0
"5352350",-121.640521179,39.1272882054,2011,"5102","0","5","3","03",0,2,"A",,,,,,1800,8,"C","C","A","FRANKLIN RD","NEIL DR",215,"W","N","2012-12-03",5102,"2011-08-19",1520,"4034",,"5","4","0","0",,"0","002","-","N",,0,0,,,0,,,,"N",2,"A","-",22350,,"N","A","H","-","A","A","0","Y","A","01",0,1,1,0,0,0,0,0,0,"-","-","YUBA CITY","SUTTER","CA",0,0
"5352366",-121.625051486,39.1126746019,2011,"5102","0","5","3","08",0,1,"A",,"Y",,,,900,8,"D","G","A","LINCOLN RD","BUNCE RD",9,"E","N","2012-12-03",5102,"2011-08-12",737,"4079","5102","5","4","0","0",,"0","005","-","N",,0,0,,,0,,,,"N",2,"A","-",22107,,"N","A","H","-","A","D","0","Y","L","04",0,1,0,0,0,0,1,0,0,"-","-","YUBA CITY","SUTTER","CA",0,0
"5354246",-121.52525,38.82351,2011,"5100","5","2","4","09",0,3,"A",,,,"Y",,1800,10,"D","C","A","HOWSLEY RD","PACIFIC AV",0,,"Y","2013-01-17",9285,"2011-10-11",1530,"13966",,"2","9","0","3",,"2","001","-","N",,0,0,,,0,,,,"Y",3,"A","-",21802,"A","N","A","H","-","A","A","0","Y","A","01",0,0,3,0,0,0,0,0,0,"-","-","UNINCORPORATED","SUTTER","CA",0,0